{
  "impressions_history_posts_seen": [
    {
      "string_map_data": {
        "Author": {
          "value": "theyachtinfo"
        },
        "Time": {
          "timestamp": 1768993434
        }
      }
    },
    {
      "string_map_data": {
        "Author": {
          "value": "airesearches"
        },
        "Time": {
          "timestamp": 1769246431
        }
      }
    },
    {
      "string_map_data": {
        "Author": {
          "value": "marketing.growmatics"
        },
        "Time": {
          "timestamp": 1769246431
        }
      }
    },
    {
      "string_map_data": {
        "Author": {
          "value": "memezar"
        },
        "Time": {
          "timestamp": 1768674747
        }
      }
    },
    {
      "string_map_data": {
        "Author": {
          "value": "theyachtinfo"
        },
        "Time": {
          "timestamp": 1768993428
        }
      }
    },
    {
      "string_map_data": {
        "Author": {
          "value": "marketing.growmatics"
        },
        "Time": {
          "timestamp": 1769247257
        }
      }
    },
    {
      "string_map_data": {
        "Author": {
          "value": "airesearches"
        },
        "Time": {
          "timestamp": 1769247486
        }
      }
    },
    {
      "string_map_data": {
        "Author": {
          "value": "lamideadeyeye"
        },
        "Time": {
          "timestamp": 1768873820
        }
      }
    }
  ]
}