{
  "media": [
    
  ],
  "label_values": [
    {
      "label": "Locations of interest",
      "vec": [
        {
          "value": "Ukari, Taraba State"
        },
        {
          "value": "Abuja, Federal Capital Territory"
        },
        {
          "value": "Gummi, Zamfara State"
        },
        {
          "value": "Lagos, Lagos State"
        },
        {
          "value": "Benu\u00c3\u00a9 State"
        },
        {
          "value": "Plateau State"
        },
        {
          "value": "Delta State"
        },
        {
          "value": "Lagos State"
        }
      ]
    },
    {
      "label": "Usage explanation",
      "value": "Locations of interest are used to personalise your experience on Instagram and show you more relevant ads. Learn more about how Instagram uses location in Privacy Centre."
    }
  ],
  "fbid": "17841403288396894"
}