[
  {
    "timestamp": 1765452272,
    "media": [
      
    ],
    "label_values": [
      {
        "label": "Text",
        "value": ""
      },
      {
        "label": "Expiry time",
        "timestamp_value": 4919052271
      },
      {
        "dict": [
          {
            "dict": [
              {
                "label": "URL",
                "value": "https://www.instagram.com/reel/DSHLPOugp2s/",
                "href": "https://www.instagram.com/reel/DSHLPOugp2s/"
              },
              {
                "dict": [
                  {
                    "dict": [
                      {
                        "label": "URL",
                        "value": "https://linktr.ee/PastorPoju"
                      },
                      {
                        "label": "Name",
                        "value": "Pastor Poju Oyemade"
                      },
                      {
                        "label": "Username",
                        "value": "pastorpoju"
                      }
                    ],
                    "title": ""
                  }
                ],
                "title": "Owner"
              }
            ],
            "title": ""
          }
        ],
        "title": "Media"
      }
    ],
    "fbid": "18146454436442604"
  },
  {
    "timestamp": 1764233392,
    "media": [
      
    ],
    "label_values": [
      {
        "label": "Text",
        "value": ""
      },
      {
        "label": "Expiry time",
        "timestamp_value": 4917833391
      },
      {
        "dict": [
          {
            "dict": [
              {
                "label": "URL",
                "value": "https://www.instagram.com/reel/DRcD5FijbFU/",
                "href": "https://www.instagram.com/reel/DRcD5FijbFU/"
              },
              {
                "dict": [
                  {
                    "dict": [
                      {
                        "label": "URL",
                        "value": "https://dataprotection.ie/en/children"
                      },
                      {
                        "label": "Name",
                        "value": "Data Protection Commission IRL"
                      },
                      {
                        "label": "Username",
                        "value": "dpcireland"
                      }
                    ],
                    "title": ""
                  }
                ],
                "title": "Owner"
              }
            ],
            "title": ""
          }
        ],
        "title": "Media"
      }
    ],
    "fbid": "17917112568217626"
  },
  {
    "timestamp": 1761296662,
    "media": [
      
    ],
    "label_values": [
      {
        "label": "Text",
        "value": ""
      },
      {
        "label": "Expiry time",
        "timestamp_value": 4914896661
      },
      {
        "dict": [
          {
            "dict": [
              {
                "label": "URL",
                "value": "https://www.instagram.com/reel/DQKRJ-tjNiF/",
                "href": "https://www.instagram.com/reel/DQKRJ-tjNiF/"
              },
              {
                "dict": [
                  {
                    "dict": [
                      {
                        "label": "URL",
                        "value": ""
                      },
                      {
                        "label": "Name",
                        "value": "Omotola Joy Olusile"
                      },
                      {
                        "label": "Username",
                        "value": "joyshile"
                      }
                    ],
                    "title": ""
                  }
                ],
                "title": "Owner"
              }
            ],
            "title": ""
          }
        ],
        "title": "Media"
      }
    ],
    "fbid": "18082392589973412"
  },
  {
    "timestamp": 1755033785,
    "media": [
      
    ],
    "label_values": [
      {
        "label": "Text",
        "value": ""
      },
      {
        "label": "Expiry time",
        "timestamp_value": 4908633784
      },
      {
        "dict": [
          {
            "dict": [
              {
                "label": "URL",
                "value": "https://www.instagram.com/reel/DNRG4c6uIbx/",
                "href": "https://www.instagram.com/reel/DNRG4c6uIbx/"
              },
              {
                "dict": [
                  {
                    "dict": [
                      {
                        "label": "URL",
                        "value": "http://facebook.com/youreverydayraver/"
                      },
                      {
                        "label": "Name",
                        "value": "Your Everyday Raver"
                      },
                      {
                        "label": "Username",
                        "value": "youreverydayraver"
                      }
                    ],
                    "title": ""
                  }
                ],
                "title": "Owner"
              }
            ],
            "title": ""
          }
        ],
        "title": "Media"
      }
    ],
    "fbid": "17969356991922377"
  }
]