{
  "searches_user": [
    {
      "title": "candy.gloria",
      "string_list_data": [
        {
          "href": "https://www.instagram.com/_u/candy.gloria",
          "timestamp": 1767196606
        }
      ]
    },
    {
      "title": "quakernigeria",
      "string_list_data": [
        {
          "href": "https://www.instagram.com/_u/quakernigeria",
          "timestamp": 1768237812
        }
      ]
    },
    {
      "title": "tcniganmu",
      "string_list_data": [
        {
          "href": "https://www.instagram.com/_u/tcniganmu",
          "timestamp": 1769029302
        }
      ]
    }
  ]
}