{
  "searches_keyword": [
    {
      "title": "",
      "media_map_data": {
        
      },
      "string_map_data": {
        "Search": {
          "href": "",
          "value": "Chi_oma",
          "timestamp": 0
        },
        "Time": {
          "href": "",
          "value": "",
          "timestamp": 1767196455
        }
      }
    },
    {
      "title": "",
      "media_map_data": {
        
      },
      "string_map_data": {
        "Search": {
          "href": "",
          "value": "Chi_okorie",
          "timestamp": 0
        },
        "Time": {
          "href": "",
          "value": "",
          "timestamp": 1767196345
        }
      }
    }
  ]
}