{
  "story_activities_polls": [
    {
      "title": "aproko_doctor",
      "string_list_data": [
        {
          "value": "I don\u00e2\u0080\u0099t use it ",
          "timestamp": 1766404615
        }
      ]
    },
    {
      "title": "unscriptedhistory",
      "string_list_data": [
        {
          "value": "Interesting ",
          "timestamp": 1764717676
        }
      ]
    },
    {
      "title": "developertimeline",
      "string_list_data": [
        {
          "value": "I am all in \u00f0\u009f\u0092\u00af",
          "timestamp": 1764301710
        }
      ]
    },
    {
      "title": "joyshile",
      "string_list_data": [
        {
          "value": "Puff puff",
          "timestamp": 1763588244
        }
      ]
    },
    {
      "title": "akwa_cros",
      "string_list_data": [
        {
          "value": "Yes",
          "timestamp": 1761327888
        }
      ]
    },
    {
      "title": "praiseworld_",
      "string_list_data": [
        {
          "value": "That\u00e2\u0080\u0099s really smart ",
          "timestamp": 1757194662
        }
      ]
    },
    {
      "title": "raphsongzz",
      "string_list_data": [
        {
          "value": "E sharp!?\u00f0\u009f\u0098\u0082",
          "timestamp": 1753816443
        }
      ]
    },
    {
      "title": "jeremylynchofficial",
      "string_list_data": [
        {
          "value": "Let him have his fun the walls coming down anyway",
          "timestamp": 1750184533
        }
      ]
    },
    {
      "title": "aproko_doctor",
      "string_list_data": [
        {
          "value": "Yes o",
          "timestamp": 1749543550
        }
      ]
    },
    {
      "title": "dylanpage.ning",
      "string_list_data": [
        {
          "value": "Neither",
          "timestamp": 1749209628
        }
      ]
    },
    {
      "title": "westybaba",
      "string_list_data": [
        {
          "value": "Ahh father Lord!",
          "timestamp": 1748986342
        }
      ]
    },
    {
      "title": "aamandbasil",
      "string_list_data": [
        {
          "value": "Noodles",
          "timestamp": 1747073061
        }
      ]
    },
    {
      "title": "dylanpage.ning",
      "string_list_data": [
        {
          "value": "Genius ",
          "timestamp": 1745929219
        }
      ]
    }
  ]
}