{
  "profile_account_insights": [
    {
      "title": "",
      "media_map_data": {
        
      },
      "string_map_data": {
        "Contact syncing": {
          "href": "",
          "value": "True",
          "timestamp": 0
        },
        "First country code": {
          "href": "",
          "value": "NG",
          "timestamp": 0
        },
        "Has shared live video": {
          "href": "",
          "value": "False",
          "timestamp": 0
        },
        "Last login": {
          "href": "",
          "value": "",
          "timestamp": 1769272262
        },
        "Last logout": {
          "href": "",
          "value": "",
          "timestamp": 1746893901
        },
        "First story time": {
          "href": "",
          "value": "",
          "timestamp": 1516750695
        },
        "Last story time": {
          "href": "",
          "value": "",
          "timestamp": 1762752918
        },
        "First Close Friends story time": {
          "href": "",
          "value": "",
          "timestamp": 0
        }
      }
    }
  ]
}