{
  "profile_user": [
    {
      "title": "User information",
      "media_map_data": {
        "Profile photo": {
          "uri": "media/profile/202303/17980551568971539.jpg",
          "creation_timestamp": 1678129976,
          "media_metadata": {
            "camera_metadata": {
              "has_camera_metadata": false
            }
          },
          "title": "",
          "cross_post_source": {
            "source_app": "FB"
          }
        }
      },
      "string_map_data": {
        "Email address": {
          "href": "",
          "value": "ayodelemartinsabiwo@gmail.com",
          "timestamp": 0
        },
        "Phone number": {
          "href": "",
          "value": "+2348132740250",
          "timestamp": 0
        },
        "Phone number confirmed": {
          "href": "",
          "value": "True",
          "timestamp": 0
        },
        "Phone confirmation method": {
          "href": "",
          "value": "Unknown",
          "timestamp": 0
        },
        "Username": {
          "href": "",
          "value": "ayodele_martins1",
          "timestamp": 0
        },
        "Name": {
          "href": "",
          "value": "Ayodele Martins Abiwo",
          "timestamp": 0
        },
        "Bio": {
          "href": "",
          "value": "Creative Impact. Romans 12:12",
          "timestamp": 0
        },
        "Gender": {
          "href": "",
          "value": "male",
          "timestamp": 0
        },
        "Date of birth": {
          "href": "",
          "value": "1986-10-26",
          "timestamp": 0
        },
        "Website": {
          "href": "",
          "value": "http://www.ayodelemartins.org",
          "timestamp": 0
        },
        "Private account": {
          "href": "",
          "value": "False",
          "timestamp": 0
        },
        "Emoji Pong high score": {
          "href": "",
          "value": "0",
          "timestamp": 0
        }
      }
    }
  ]
}