{
  "profile_profile_change": [
    {
      "title": "Profile change",
      "media_map_data": {
        
      },
      "string_map_data": {
        "Changed": {
          "href": "",
          "value": "Multiple links",
          "timestamp": 0
        },
        "Previous value": {
          "href": "",
          "value": "(title: Ayodele's Portfolio, url: http://www.ayodelemartins.com)",
          "timestamp": 0
        },
        "New value": {
          "href": "",
          "value": "(title: Ayodele's Portfolio, url: http://www.ayodelemartins.org)",
          "timestamp": 0
        },
        "Change date": {
          "href": "",
          "value": "",
          "timestamp": 1752350826
        }
      }
    }
  ]
}