{
  "impressions_history_ads_clicked": [
    {
      "title": "Modolos",
      "string_list_data": [
        {
          "timestamp": 1768676485
        }
      ]
    },
    {
      "title": "Global  Talent & EB  Visa",
      "string_list_data": [
        {
          "timestamp": 1768676940
        }
      ]
    },
    {
      "title": "https://www.africatechnologyexpo.com/?utm_source=%7B%7Bsite_source_name%7D%7D&utm_medium=social&utm_campaign=%7B%7Bad.name%7D%7D",
      "string_list_data": [
        {
          "timestamp": 1769247515
        }
      ]
    }
  ]
}