{
  "impressions_history_videos_watched": [
    {
      "string_map_data": {
        "Author": {
          "value": "tech_wizzdom"
        },
        "Time": {
          "timestamp": 1768674767
        }
      }
    },
    {
      "string_map_data": {
        "Author": {
          "value": "memezar"
        },
        "Time": {
          "timestamp": 1768675172
        }
      }
    },
    {
      "string_map_data": {
        "Author": {
          "value": "antoniovicci"
        },
        "Time": {
          "timestamp": 1768675805
        }
      }
    },
    {
      "string_map_data": {
        "Author": {
          "value": "chrisjereza"
        },
        "Time": {
          "timestamp": 1768675864
        }
      }
    },
    {
      "string_map_data": {
        "Author": {
          "value": "willy_kanga"
        },
        "Time": {
          "timestamp": 1768675871
        }
      }
    },
    {
      "string_map_data": {
        "Author": {
          "value": "americancolanigeria"
        },
        "Time": {
          "timestamp": 1768676155
        }
      }
    },
    {
      "string_map_data": {
        "Author": {
          "value": "businessbulls.in"
        },
        "Time": {
          "timestamp": 1768676414
        }
      }
    },
    {
      "string_map_data": {
        "Author": {
          "value": "mrbeast"
        },
        "Time": {
          "timestamp": 1768676460
        }
      }
    },
    {
      "string_map_data": {
        "Author": {
          "value": "taruwamarketplace"
        },
        "Time": {
          "timestamp": 1768676520
        }
      }
    },
    {
      "string_map_data": {
        "Author": {
          "value": "premierofficeng"
        },
        "Time": {
          "timestamp": 1768676520
        }
      }
    },
    {
      "string_map_data": {
        "Author": {
          "value": "gregoryjhickman"
        },
        "Time": {
          "timestamp": 1768676521
        }
      }
    },
    {
      "string_map_data": {
        "Author": {
          "value": "the_crafty_cockney_"
        },
        "Time": {
          "timestamp": 1768680176
        }
      }
    },
    {
      "string_map_data": {
        "Author": {
          "value": "dream_yourfire5.jk"
        },
        "Time": {
          "timestamp": 1768755036
        }
      }
    },
    {
      "string_map_data": {
        "Author": {
          "value": "clickupcomedy"
        },
        "Time": {
          "timestamp": 1768755240
        }
      }
    },
    {
      "string_map_data": {
        "Author": {
          "value": "khalamanja_"
        },
        "Time": {
          "timestamp": 1768766417
        }
      }
    },
    {
      "string_map_data": {
        "Author": {
          "value": "nairadiarytv"
        },
        "Time": {
          "timestamp": 1768806823
        }
      }
    },
    {
      "string_map_data": {
        "Author": {
          "value": "dianakander"
        },
        "Time": {
          "timestamp": 1768806968
        }
      }
    },
    {
      "string_map_data": {
        "Author": {
          "value": "crazy_kennar"
        },
        "Time": {
          "timestamp": 1768833497
        }
      }
    },
    {
      "string_map_data": {
        "Author": {
          "value": "warmup"
        },
        "Time": {
          "timestamp": 1768833504
        }
      }
    },
    {
      "string_map_data": {
        "Author": {
          "value": "globalviralzhq"
        },
        "Time": {
          "timestamp": 1768833507
        }
      }
    },
    {
      "string_map_data": {
        "Author": {
          "value": "iamshaffybello"
        },
        "Time": {
          "timestamp": 1768848300
        }
      }
    },
    {
      "string_map_data": {
        "Author": {
          "value": "the_crafty_cockney_"
        },
        "Time": {
          "timestamp": 1768853005
        }
      }
    },
    {
      "string_map_data": {
        "Author": {
          "value": "1.5gb_meme"
        },
        "Time": {
          "timestamp": 1768913339
        }
      }
    },
    {
      "string_map_data": {
        "Author": {
          "value": "pastorpoju"
        },
        "Time": {
          "timestamp": 1768913488
        }
      }
    },
    {
      "string_map_data": {
        "Author": {
          "value": "lamebrotha"
        },
        "Time": {
          "timestamp": 1768921416
        }
      }
    },
    {
      "string_map_data": {
        "Author": {
          "value": "globalviralzhq"
        },
        "Time": {
          "timestamp": 1768921451
        }
      }
    },
    {
      "string_map_data": {
        "Author": {
          "value": "francisco_feature_fabio"
        },
        "Time": {
          "timestamp": 1768921467
        }
      }
    },
    {
      "string_map_data": {
        "Author": {
          "value": "timelesss_storiess"
        },
        "Time": {
          "timestamp": 1768921663
        }
      }
    },
    {
      "string_map_data": {
        "Author": {
          "value": "antoniovicci"
        },
        "Time": {
          "timestamp": 1768928961
        }
      }
    },
    {
      "string_map_data": {
        "Author": {
          "value": "electric_70"
        },
        "Time": {
          "timestamp": 1768929010
        }
      }
    },
    {
      "string_map_data": {
        "Author": {
          "value": "motivate.culture"
        },
        "Time": {
          "timestamp": 1768929013
        }
      }
    },
    {
      "string_map_data": {
        "Author": {
          "value": "techbydebola"
        },
        "Time": {
          "timestamp": 1768935478
        }
      }
    },
    {
      "string_map_data": {
        "Author": {
          "value": "mighty.keef"
        },
        "Time": {
          "timestamp": 1768935484
        }
      }
    },
    {
      "string_map_data": {
        "Author": {
          "value": "philwgreen"
        },
        "Time": {
          "timestamp": 1768935487
        }
      }
    },
    {
      "string_map_data": {
        "Author": {
          "value": "multiprenur"
        },
        "Time": {
          "timestamp": 1768935487
        }
      }
    },
    {
      "string_map_data": {
        "Author": {
          "value": "layiwasabi"
        },
        "Time": {
          "timestamp": 1768993433
        }
      }
    },
    {
      "string_map_data": {
        "Author": {
          "value": "philwgreen"
        },
        "Time": {
          "timestamp": 1768993434
        }
      }
    },
    {
      "string_map_data": {
        "Author": {
          "value": "multiprenur"
        },
        "Time": {
          "timestamp": 1768993434
        }
      }
    },
    {
      "string_map_data": {
        "Author": {
          "value": "mrspeed_branding"
        },
        "Time": {
          "timestamp": 1768993443
        }
      }
    },
    {
      "string_map_data": {
        "Author": {
          "value": "ice_cars_"
        },
        "Time": {
          "timestamp": 1768993509
        }
      }
    },
    {
      "string_map_data": {
        "Author": {
          "value": "taaooma"
        },
        "Time": {
          "timestamp": 1769015145
        }
      }
    },
    {
      "string_map_data": {
        "Author": {
          "value": "chinainsider"
        },
        "Time": {
          "timestamp": 1769015170
        }
      }
    },
    {
      "string_map_data": {
        "Author": {
          "value": "pastorpoju"
        },
        "Time": {
          "timestamp": 1769015231
        }
      }
    },
    {
      "string_map_data": {
        "Author": {
          "value": "nairadiarytv"
        },
        "Time": {
          "timestamp": 1769028061
        }
      }
    },
    {
      "string_map_data": {
        "Author": {
          "value": "alex.18ab"
        },
        "Time": {
          "timestamp": 1769028110
        }
      }
    },
    {
      "string_map_data": {
        "Author": {
          "value": "bouboudesign_"
        },
        "Time": {
          "timestamp": 1769028418
        }
      }
    },
    {
      "string_map_data": {
        "Author": {
          "value": "thefuck.tv"
        },
        "Time": {
          "timestamp": 1769028662
        }
      }
    },
    {
      "string_map_data": {
        "Author": {
          "value": "loldtestament"
        },
        "Time": {
          "timestamp": 1769028816
        }
      }
    },
    {
      "string_map_data": {
        "Author": {
          "value": "nostalgicsound_ng"
        },
        "Time": {
          "timestamp": 1769028871
        }
      }
    },
    {
      "string_map_data": {
        "Author": {
          "value": "mrspeed_branding"
        },
        "Time": {
          "timestamp": 1769028998
        }
      }
    },
    {
      "string_map_data": {
        "Author": {
          "value": "cluely"
        },
        "Time": {
          "timestamp": 1769029289
        }
      }
    },
    {
      "string_map_data": {
        "Author": {
          "value": "kie_kie__"
        },
        "Time": {
          "timestamp": 1769094667
        }
      }
    },
    {
      "string_map_data": {
        "Author": {
          "value": "readykids.ai"
        },
        "Time": {
          "timestamp": 1769114617
        }
      }
    },
    {
      "string_map_data": {
        "Author": {
          "value": "endshumour"
        },
        "Time": {
          "timestamp": 1769114617
        }
      }
    },
    {
      "string_map_data": {
        "Author": {
          "value": "cluely"
        },
        "Time": {
          "timestamp": 1769167051
        }
      }
    },
    {
      "string_map_data": {
        "Author": {
          "value": "xgamecenter"
        },
        "Time": {
          "timestamp": 1769167180
        }
      }
    },
    {
      "string_map_data": {
        "Author": {
          "value": "jesters_ai"
        },
        "Time": {
          "timestamp": 1769167561
        }
      }
    },
    {
      "string_map_data": {
        "Author": {
          "value": "visatier"
        },
        "Time": {
          "timestamp": 1769167632
        }
      }
    },
    {
      "string_map_data": {
        "Author": {
          "value": "memezar"
        },
        "Time": {
          "timestamp": 1769167680
        }
      }
    },
    {
      "string_map_data": {
        "Author": {
          "value": "britishcouncil"
        },
        "Time": {
          "timestamp": 1769167705
        }
      }
    },
    {
      "string_map_data": {
        "Author": {
          "value": "mrspeed_branding"
        },
        "Time": {
          "timestamp": 1769246173
        }
      }
    },
    {
      "string_map_data": {
        "Author": {
          "value": "warmup"
        },
        "Time": {
          "timestamp": 1769246345
        }
      }
    },
    {
      "string_map_data": {
        "Author": {
          "value": "ight"
        },
        "Time": {
          "timestamp": 1769247261
        }
      }
    },
    {
      "string_map_data": {
        "Author": {
          "value": "thefuck.tv"
        },
        "Time": {
          "timestamp": 1769247486
        }
      }
    },
    {
      "string_map_data": {
        "Author": {
          "value": "clickupcomedy"
        },
        "Time": {
          "timestamp": 1769254438
        }
      }
    },
    {
      "string_map_data": {
        "Author": {
          "value": "100tasksbymartinbell"
        },
        "Time": {
          "timestamp": 1769254468
        }
      }
    },
    {
      "string_map_data": {
        "Author": {
          "value": "wealth"
        },
        "Time": {
          "timestamp": 1769254833
        }
      }
    },
    {
      "string_map_data": {
        "Author": {
          "value": "socialvillhq"
        },
        "Time": {
          "timestamp": 1768674747
        }
      }
    },
    {
      "string_map_data": {
        "Author": {
          "value": "tgr_w2rc"
        },
        "Time": {
          "timestamp": 1768674747
        }
      }
    },
    {
      "string_map_data": {
        "Author": {
          "value": "cspan"
        },
        "Time": {
          "timestamp": 1768674747
        }
      }
    },
    {
      "string_map_data": {
        "Author": {
          "value": "tech_wizzdom"
        },
        "Time": {
          "timestamp": 1768675172
        }
      }
    },
    {
      "string_map_data": {
        "Author": {
          "value": "memezar"
        },
        "Time": {
          "timestamp": 1768675806
        }
      }
    },
    {
      "string_map_data": {
        "Author": {
          "value": "antoniovicci"
        },
        "Time": {
          "timestamp": 1768675844
        }
      }
    },
    {
      "string_map_data": {
        "Author": {
          "value": "chrisjereza"
        },
        "Time": {
          "timestamp": 1768675971
        }
      }
    },
    {
      "string_map_data": {
        "Author": {
          "value": "dmn_mor"
        },
        "Time": {
          "timestamp": 1768675971
        }
      }
    },
    {
      "string_map_data": {
        "Author": {
          "value": "urbantheory_"
        },
        "Time": {
          "timestamp": 1768675971
        }
      }
    },
    {
      "string_map_data": {
        "Author": {
          "value": "americancolanigeria"
        },
        "Time": {
          "timestamp": 1768676519
        }
      }
    },
    {
      "string_map_data": {
        "Author": {
          "value": "mrbeast"
        },
        "Time": {
          "timestamp": 1768676519
        }
      }
    },
    {
      "string_map_data": {
        "Author": {
          "value": "businessbulls.in"
        },
        "Time": {
          "timestamp": 1768676519
        }
      }
    },
    {
      "string_map_data": {
        "Author": {
          "value": "willy_kanga"
        },
        "Time": {
          "timestamp": 1768676519
        }
      }
    },
    {
      "string_map_data": {
        "Author": {
          "value": "gregoryjhickman"
        },
        "Time": {
          "timestamp": 1768680172
        }
      }
    },
    {
      "string_map_data": {
        "Author": {
          "value": "the_crafty_cockney_"
        },
        "Time": {
          "timestamp": 1768680216
        }
      }
    },
    {
      "string_map_data": {
        "Author": {
          "value": "the_crafty_cockney_"
        },
        "Time": {
          "timestamp": 1768752675
        }
      }
    },
    {
      "string_map_data": {
        "Author": {
          "value": "dream_yourfire5.jk"
        },
        "Time": {
          "timestamp": 1768754691
        }
      }
    },
    {
      "string_map_data": {
        "Author": {
          "value": "clickupcomedy"
        },
        "Time": {
          "timestamp": 1768755282
        }
      }
    },
    {
      "string_map_data": {
        "Author": {
          "value": "khalamanja_"
        },
        "Time": {
          "timestamp": 1768806133
        }
      }
    },
    {
      "string_map_data": {
        "Author": {
          "value": "clickupcomedy"
        },
        "Time": {
          "timestamp": 1768806133
        }
      }
    },
    {
      "string_map_data": {
        "Author": {
          "value": "dianakander"
        },
        "Time": {
          "timestamp": 1768832942
        }
      }
    },
    {
      "string_map_data": {
        "Author": {
          "value": "nairadiarytv"
        },
        "Time": {
          "timestamp": 1768832942
        }
      }
    },
    {
      "string_map_data": {
        "Author": {
          "value": "globalviralzhq"
        },
        "Time": {
          "timestamp": 1768842724
        }
      }
    },
    {
      "string_map_data": {
        "Author": {
          "value": "crazy_kennar"
        },
        "Time": {
          "timestamp": 1768842724
        }
      }
    },
    {
      "string_map_data": {
        "Author": {
          "value": "warmup"
        },
        "Time": {
          "timestamp": 1768842724
        }
      }
    },
    {
      "string_map_data": {
        "Author": {
          "value": "iamshaffybello"
        },
        "Time": {
          "timestamp": 1768853000
        }
      }
    },
    {
      "string_map_data": {
        "Author": {
          "value": "the_crafty_cockney_"
        },
        "Time": {
          "timestamp": 1768913200
        }
      }
    },
    {
      "string_map_data": {
        "Author": {
          "value": "1.5gb_meme"
        },
        "Time": {
          "timestamp": 1768913508
        }
      }
    },
    {
      "string_map_data": {
        "Author": {
          "value": "pastorpoju"
        },
        "Time": {
          "timestamp": 1768918076
        }
      }
    },
    {
      "string_map_data": {
        "Author": {
          "value": "lamebrotha"
        },
        "Time": {
          "timestamp": 1768921463
        }
      }
    },
    {
      "string_map_data": {
        "Author": {
          "value": "francisco_feature_fabio"
        },
        "Time": {
          "timestamp": 1768928759
        }
      }
    },
    {
      "string_map_data": {
        "Author": {
          "value": "timelesss_storiess"
        },
        "Time": {
          "timestamp": 1768928759
        }
      }
    },
    {
      "string_map_data": {
        "Author": {
          "value": "globalviralzhq"
        },
        "Time": {
          "timestamp": 1768928759
        }
      }
    },
    {
      "string_map_data": {
        "Author": {
          "value": "antoniovicci"
        },
        "Time": {
          "timestamp": 1768928985
        }
      }
    },
    {
      "string_map_data": {
        "Author": {
          "value": "tech_wizzdom"
        },
        "Time": {
          "timestamp": 1768929011
        }
      }
    },
    {
      "string_map_data": {
        "Author": {
          "value": "electric_70"
        },
        "Time": {
          "timestamp": 1768933790
        }
      }
    },
    {
      "string_map_data": {
        "Author": {
          "value": "motivate.culture"
        },
        "Time": {
          "timestamp": 1768933790
        }
      }
    },
    {
      "string_map_data": {
        "Author": {
          "value": "techbydebola"
        },
        "Time": {
          "timestamp": 1768935478
        }
      }
    },
    {
      "string_map_data": {
        "Author": {
          "value": "mighty.keef"
        },
        "Time": {
          "timestamp": 1768935486
        }
      }
    },
    {
      "string_map_data": {
        "Author": {
          "value": "philwgreen"
        },
        "Time": {
          "timestamp": 1768935486
        }
      }
    },
    {
      "string_map_data": {
        "Author": {
          "value": "cbafoundation_"
        },
        "Time": {
          "timestamp": 1768935486
        }
      }
    },
    {
      "string_map_data": {
        "Author": {
          "value": "itx.drifter"
        },
        "Time": {
          "timestamp": 1768935486
        }
      }
    },
    {
      "string_map_data": {
        "Author": {
          "value": "multiprenur"
        },
        "Time": {
          "timestamp": 1768935486
        }
      }
    },
    {
      "string_map_data": {
        "Author": {
          "value": "degenaicomedy"
        },
        "Time": {
          "timestamp": 1768935486
        }
      }
    },
    {
      "string_map_data": {
        "Author": {
          "value": "haroontwins"
        },
        "Time": {
          "timestamp": 1768935486
        }
      }
    },
    {
      "string_map_data": {
        "Author": {
          "value": "layiwasabi"
        },
        "Time": {
          "timestamp": 1768935486
        }
      }
    },
    {
      "string_map_data": {
        "Author": {
          "value": "madara_dusal"
        },
        "Time": {
          "timestamp": 1768935486
        }
      }
    },
    {
      "string_map_data": {
        "Author": {
          "value": "mighty.keef"
        },
        "Time": {
          "timestamp": 1768993428
        }
      }
    },
    {
      "string_map_data": {
        "Author": {
          "value": "philwgreen"
        },
        "Time": {
          "timestamp": 1768993428
        }
      }
    },
    {
      "string_map_data": {
        "Author": {
          "value": "cbafoundation_"
        },
        "Time": {
          "timestamp": 1768993428
        }
      }
    },
    {
      "string_map_data": {
        "Author": {
          "value": "itx.drifter"
        },
        "Time": {
          "timestamp": 1768993428
        }
      }
    },
    {
      "string_map_data": {
        "Author": {
          "value": "multiprenur"
        },
        "Time": {
          "timestamp": 1768993428
        }
      }
    },
    {
      "string_map_data": {
        "Author": {
          "value": "degenaicomedy"
        },
        "Time": {
          "timestamp": 1768993428
        }
      }
    },
    {
      "string_map_data": {
        "Author": {
          "value": "haroontwins"
        },
        "Time": {
          "timestamp": 1768993428
        }
      }
    },
    {
      "string_map_data": {
        "Author": {
          "value": "layiwasabi"
        },
        "Time": {
          "timestamp": 1768993428
        }
      }
    },
    {
      "string_map_data": {
        "Author": {
          "value": "madara_dusal"
        },
        "Time": {
          "timestamp": 1768993428
        }
      }
    },
    {
      "string_map_data": {
        "Author": {
          "value": "mrspeed_branding"
        },
        "Time": {
          "timestamp": 1769015138
        }
      }
    },
    {
      "string_map_data": {
        "Author": {
          "value": "ice_cars_"
        },
        "Time": {
          "timestamp": 1769015138
        }
      }
    },
    {
      "string_map_data": {
        "Author": {
          "value": "taaooma"
        },
        "Time": {
          "timestamp": 1769015191
        }
      }
    },
    {
      "string_map_data": {
        "Author": {
          "value": "chinainsider"
        },
        "Time": {
          "timestamp": 1769015224
        }
      }
    },
    {
      "string_map_data": {
        "Author": {
          "value": "pastorpoju"
        },
        "Time": {
          "timestamp": 1769015230
        }
      }
    },
    {
      "string_map_data": {
        "Author": {
          "value": "nairadiarytv"
        },
        "Time": {
          "timestamp": 1769028095
        }
      }
    },
    {
      "string_map_data": {
        "Author": {
          "value": "alex.18ab"
        },
        "Time": {
          "timestamp": 1769028419
        }
      }
    },
    {
      "string_map_data": {
        "Author": {
          "value": "bouboudesign_"
        },
        "Time": {
          "timestamp": 1769028477
        }
      }
    },
    {
      "string_map_data": {
        "Author": {
          "value": "toonzeek"
        },
        "Time": {
          "timestamp": 1769028663
        }
      }
    },
    {
      "string_map_data": {
        "Author": {
          "value": "thefuck.tv"
        },
        "Time": {
          "timestamp": 1769028676
        }
      }
    },
    {
      "string_map_data": {
        "Author": {
          "value": "whitehouse"
        },
        "Time": {
          "timestamp": 1769028754
        }
      }
    },
    {
      "string_map_data": {
        "Author": {
          "value": "mrspeed_branding"
        },
        "Time": {
          "timestamp": 1769028993
        }
      }
    },
    {
      "string_map_data": {
        "Author": {
          "value": "mrspeed_branding"
        },
        "Time": {
          "timestamp": 1769029692
        }
      }
    },
    {
      "string_map_data": {
        "Author": {
          "value": "loldtestament"
        },
        "Time": {
          "timestamp": 1769029692
        }
      }
    },
    {
      "string_map_data": {
        "Author": {
          "value": "nostalgicsound_ng"
        },
        "Time": {
          "timestamp": 1769029692
        }
      }
    },
    {
      "string_map_data": {
        "Author": {
          "value": "cluely"
        },
        "Time": {
          "timestamp": 1769029692
        }
      }
    },
    {
      "string_map_data": {
        "Author": {
          "value": "kie_kie__"
        },
        "Time": {
          "timestamp": 1769029692
        }
      }
    },
    {
      "string_map_data": {
        "Author": {
          "value": "mrspeed_branding"
        },
        "Time": {
          "timestamp": 1769114579
        }
      }
    },
    {
      "string_map_data": {
        "Author": {
          "value": "loldtestament"
        },
        "Time": {
          "timestamp": 1769114579
        }
      }
    },
    {
      "string_map_data": {
        "Author": {
          "value": "nostalgicsound_ng"
        },
        "Time": {
          "timestamp": 1769114579
        }
      }
    },
    {
      "string_map_data": {
        "Author": {
          "value": "cluely"
        },
        "Time": {
          "timestamp": 1769114579
        }
      }
    },
    {
      "string_map_data": {
        "Author": {
          "value": "kie_kie__"
        },
        "Time": {
          "timestamp": 1769114579
        }
      }
    },
    {
      "string_map_data": {
        "Author": {
          "value": "endshumour"
        },
        "Time": {
          "timestamp": 1769114599
        }
      }
    },
    {
      "string_map_data": {
        "Author": {
          "value": "readykids.ai"
        },
        "Time": {
          "timestamp": 1769166841
        }
      }
    },
    {
      "string_map_data": {
        "Author": {
          "value": "endshumour"
        },
        "Time": {
          "timestamp": 1769166841
        }
      }
    },
    {
      "string_map_data": {
        "Author": {
          "value": "xgamecenter"
        },
        "Time": {
          "timestamp": 1769167285
        }
      }
    },
    {
      "string_map_data": {
        "Author": {
          "value": "cluely"
        },
        "Time": {
          "timestamp": 1769167285
        }
      }
    },
    {
      "string_map_data": {
        "Author": {
          "value": "britishcouncil"
        },
        "Time": {
          "timestamp": 1769167607
        }
      }
    },
    {
      "string_map_data": {
        "Author": {
          "value": "jesters_ai"
        },
        "Time": {
          "timestamp": 1769167632
        }
      }
    },
    {
      "string_map_data": {
        "Author": {
          "value": "throwback_youtube_videos"
        },
        "Time": {
          "timestamp": 1769167705
        }
      }
    },
    {
      "string_map_data": {
        "Author": {
          "value": "visatier"
        },
        "Time": {
          "timestamp": 1769167705
        }
      }
    },
    {
      "string_map_data": {
        "Author": {
          "value": "thefuck.tv"
        },
        "Time": {
          "timestamp": 1769167705
        }
      }
    },
    {
      "string_map_data": {
        "Author": {
          "value": "memezar"
        },
        "Time": {
          "timestamp": 1769167705
        }
      }
    },
    {
      "string_map_data": {
        "Author": {
          "value": "thefuck.tv"
        },
        "Time": {
          "timestamp": 1769246097
        }
      }
    },
    {
      "string_map_data": {
        "Author": {
          "value": "mrspeed_branding"
        },
        "Time": {
          "timestamp": 1769246172
        }
      }
    },
    {
      "string_map_data": {
        "Author": {
          "value": "warmup"
        },
        "Time": {
          "timestamp": 1769246361
        }
      }
    },
    {
      "string_map_data": {
        "Author": {
          "value": "airesearches"
        },
        "Time": {
          "timestamp": 1769247257
        }
      }
    },
    {
      "string_map_data": {
        "Author": {
          "value": "airesearches"
        },
        "Time": {
          "timestamp": 1769247257
        }
      }
    },
    {
      "string_map_data": {
        "Author": {
          "value": "airesearches"
        },
        "Time": {
          "timestamp": 1769247257
        }
      }
    },
    {
      "string_map_data": {
        "Author": {
          "value": "airesearches"
        },
        "Time": {
          "timestamp": 1769247257
        }
      }
    },
    {
      "string_map_data": {
        "Author": {
          "value": "airesearches"
        },
        "Time": {
          "timestamp": 1769247257
        }
      }
    },
    {
      "string_map_data": {
        "Author": {
          "value": "airesearches"
        },
        "Time": {
          "timestamp": 1769247257
        }
      }
    },
    {
      "string_map_data": {
        "Author": {
          "value": "airesearches"
        },
        "Time": {
          "timestamp": 1769247257
        }
      }
    },
    {
      "string_map_data": {
        "Author": {
          "value": "airesearches"
        },
        "Time": {
          "timestamp": 1769247257
        }
      }
    },
    {
      "string_map_data": {
        "Author": {
          "value": "airesearches"
        },
        "Time": {
          "timestamp": 1769247257
        }
      }
    },
    {
      "string_map_data": {
        "Author": {
          "value": "airesearches"
        },
        "Time": {
          "timestamp": 1769247257
        }
      }
    },
    {
      "string_map_data": {
        "Author": {
          "value": "ight"
        },
        "Time": {
          "timestamp": 1769247486
        }
      }
    },
    {
      "string_map_data": {
        "Author": {
          "value": "thefuck.tv"
        },
        "Time": {
          "timestamp": 1769253494
        }
      }
    },
    {
      "string_map_data": {
        "Author": {
          "value": "clickupcomedy"
        },
        "Time": {
          "timestamp": 1769254470
        }
      }
    },
    {
      "string_map_data": {
        "Author": {
          "value": "100tasksbymartinbell"
        },
        "Time": {
          "timestamp": 1769254470
        }
      }
    },
    {
      "string_map_data": {
        "Author": {
          "value": "lydaywole"
        },
        "Time": {
          "timestamp": 1768675921
        }
      }
    },
    {
      "string_map_data": {
        "Author": {
          "value": "lamideadeyeye"
        },
        "Time": {
          "timestamp": 1768873820
        }
      }
    },
    {
      "string_map_data": {
        "Author": {
          "value": "yourshugadaddy_"
        },
        "Time": {
          "timestamp": 1769094691
        }
      }
    }
  ]
}