{
  "account_history_imprecise_last_known_location": [
    {
      "title": "",
      "media_map_data": {
        
      },
      "string_map_data": {
        "Imprecise latitude": {
          "href": "",
          "value": "6.544559955596924",
          "timestamp": 0
        },
        "Imprecise longitude": {
          "href": "",
          "value": "3.328857421875",
          "timestamp": 0
        },
        "Precise latitude": {
          "href": "",
          "value": "6.547789573669434",
          "timestamp": 0
        },
        "Precise longitude": {
          "href": "",
          "value": "3.3220632076263428",
          "timestamp": 0
        },
        "GPS time uploaded": {
          "href": "",
          "value": "",
          "timestamp": 1769254724
        }
      }
    }
  ]
}