{
  "account_history_logout_history": [
    {
      "title": "2025-05-10T16:18:21+00:00",
      "media_map_data": {
        
      },
      "string_map_data": {
        "Cookie name": {
          "href": "",
          "value": "*************************Wg4",
          "timestamp": 0
        },
        "IP address": {
          "href": "",
          "value": "102.88.108.53",
          "timestamp": 0
        },
        "Port": {
          "href": "",
          "value": "31058",
          "timestamp": 0
        },
        "Language code": {
          "href": "",
          "value": "en-gb",
          "timestamp": 0
        },
        "Time": {
          "href": "",
          "value": "",
          "timestamp": 1746893901
        },
        "User agent": {
          "href": "",
          "value": "Instagram 372.0.0.48.60 Android (33/13; 420dpi; 1080x2270; samsung; SM-A715F; a71; qcom; en_GB; 709818019)",
          "timestamp": 0
        }
      }
    }
  ]
}