{
  "account_history_registration_info": [
    {
      "title": "",
      "media_map_data": {
        
      },
      "string_map_data": {
        "Username": {
          "href": "",
          "value": "Abiwo Remi Martins",
          "timestamp": 0
        },
        "IP address": {
          "href": "",
          "value": "197.242.106.160",
          "timestamp": 0
        },
        "Time": {
          "href": "",
          "value": "",
          "timestamp": 1461703610
        },
        "Email address": {
          "href": "",
          "value": "abiworemimartins@yahoo.com",
          "timestamp": 0
        },
        "Phone number": {
          "href": "",
          "value": "",
          "timestamp": 0
        },
        "Device": {
          "href": "",
          "value": "",
          "timestamp": 0
        }
      }
    }
  ]
}