{
  "organic_insights_interactions": [
    {
      "title": "",
      "media_map_data": {
        
      },
      "string_map_data": {
        "Date range": {
          "href": "",
          "value": "Oct 26 - Jan 23",
          "timestamp": 0
        },
        "Content interactions": {
          "href": "",
          "value": "3",
          "timestamp": 0
        },
        "Content interactions delta": {
          "href": "",
          "value": "+50% vs Jul 28 - Oct 25",
          "timestamp": 0
        },
        "Post interactions": {
          "href": "",
          "value": "2",
          "timestamp": 0
        },
        "Post interactions delta": {
          "href": "",
          "value": "0% vs Jul 28 - Oct 25",
          "timestamp": 0
        },
        "Post likes": {
          "href": "",
          "value": "2",
          "timestamp": 0
        },
        "Story interactions": {
          "href": "",
          "value": "1",
          "timestamp": 0
        },
        "Story interactions delta": {
          "href": "",
          "value": "-- vs Jul 28 - Oct 25",
          "timestamp": 0
        },
        "Story replies": {
          "href": "",
          "value": "1",
          "timestamp": 0
        },
        "Video interactions": {
          "href": "",
          "value": "0",
          "timestamp": 0
        },
        "Video interactions delta": {
          "href": "",
          "value": "0% vs Jul 28 - Oct 25",
          "timestamp": 0
        },
        "Reels interactions": {
          "href": "",
          "value": "0",
          "timestamp": 0
        },
        "Reels interactions delta": {
          "href": "",
          "value": "0% vs Jul 28 - Oct 25",
          "timestamp": 0
        },
        "Live video interactions": {
          "href": "",
          "value": "0",
          "timestamp": 0
        },
        "Live video interactions delta": {
          "href": "",
          "value": "0% vs Jul 28 - Oct 25",
          "timestamp": 0
        },
        "Accounts engaged": {
          "href": "",
          "value": "3",
          "timestamp": 0
        },
        "Accounts engaged delta": {
          "href": "",
          "value": "+200% vs Jul 28 - Oct 25",
          "timestamp": 0
        },
        "Engaged account by follow type": {
          "href": "",
          "value": "Followers: 100%, Non-followers: 0%",
          "timestamp": 0
        },
        "You engaged delta% more accounts that weren't following you compared to previous period": {
          "href": "",
          "value": "-100% vs Jul 28 - Oct 25",
          "timestamp": 0
        }
      }
    }
  ]
}