{
  "saved_saved_media": [
    {
      "title": "crowdstrike",
      "string_map_data": {
        "Saved on": {
          "href": "https://www.instagram.com/p/DTdtVLNADlS/",
          "timestamp": 1769253509
        }
      }
    },
    {
      "title": "airesearches",
      "string_map_data": {
        "Saved on": {
          "href": "https://www.instagram.com/p/DTVvGmQgb93/",
          "timestamp": 1769247254
        }
      }
    },
    {
      "title": "ice_cars_",
      "string_map_data": {
        "Saved on": {
          "href": "https://www.instagram.com/reel/DTwDHxzCnKq/",
          "timestamp": 1768993516
        }
      }
    },
    {
      "title": "theartificialintelligens",
      "string_map_data": {
        "Saved on": {
          "href": "https://www.instagram.com/p/DTApcRpCD3M/",
          "timestamp": 1768851822
        }
      }
    },
    {
      "title": "saasflash",
      "string_map_data": {
        "Saved on": {
          "href": "https://www.instagram.com/reel/DS5Aq6NDIIS/",
          "timestamp": 1768848811
        }
      }
    },
    {
      "title": "tcniganmu",
      "string_map_data": {
        "Saved on": {
          "href": "https://www.instagram.com/p/DTpmaWIDRrJ/",
          "timestamp": 1768807187
        }
      }
    },
    {
      "title": "worldstar",
      "string_map_data": {
        "Saved on": {
          "href": "https://www.instagram.com/reel/DTboFW2jzmd/",
          "timestamp": 1768327602
        }
      }
    },
    {
      "title": "theadnetwork",
      "string_map_data": {
        "Saved on": {
          "href": "https://www.instagram.com/reel/DTSYRMUDxml/",
          "timestamp": 1768113152
        }
      }
    },
    {
      "title": "pabloprompt",
      "string_map_data": {
        "Saved on": {
          "href": "https://www.instagram.com/reel/DSSOwOwiAGH/",
          "timestamp": 1765892561
        }
      }
    },
    {
      "title": "jordanschwarz",
      "string_map_data": {
        "Saved on": {
          "href": "https://www.instagram.com/reel/DQM7ztoDGkf/",
          "timestamp": 1764957903
        }
      }
    },
    {
      "title": "income.ivy",
      "string_map_data": {
        "Saved on": {
          "href": "https://www.instagram.com/p/DRxGHI6is_U/",
          "timestamp": 1764831551
        }
      }
    },
    {
      "title": "madebyblvck",
      "string_map_data": {
        "Saved on": {
          "href": "https://www.instagram.com/p/DPSxgGcDClV/",
          "timestamp": 1760284436
        }
      }
    },
    {
      "title": "captain_gahbrivah",
      "string_map_data": {
        "Saved on": {
          "href": "https://www.instagram.com/p/DO1fhMEAE_3/",
          "timestamp": 1758819513
        }
      }
    },
    {
      "title": "mckinsey_forward",
      "string_map_data": {
        "Saved on": {
          "href": "https://www.instagram.com/p/DOJcyfKDFqG/",
          "timestamp": 1757087432
        }
      }
    },
    {
      "title": "pbcnigeria",
      "string_map_data": {
        "Saved on": {
          "href": "https://www.instagram.com/p/DMNxIOFsCwu/",
          "timestamp": 1755209280
        }
      }
    },
    {
      "title": "milopax.insta",
      "string_map_data": {
        "Saved on": {
          "href": "https://www.instagram.com/reel/DL-rpfkimV6/",
          "timestamp": 1752351123
        }
      }
    },
    {
      "title": "blackcat45622",
      "string_map_data": {
        "Saved on": {
          "href": "https://www.instagram.com/p/DKqoUnFsipH/",
          "timestamp": 1752322758
        }
      }
    },
    {
      "title": "readbantr",
      "string_map_data": {
        "Saved on": {
          "href": "https://www.instagram.com/p/DL0vAYtvg_A/",
          "timestamp": 1752218358
        }
      }
    },
    {
      "title": "daysonrmedia",
      "string_map_data": {
        "Saved on": {
          "href": "https://www.instagram.com/reel/DItGsBKuY-3/",
          "timestamp": 1751891971
        }
      }
    },
    {
      "title": "pastorpoju",
      "string_map_data": {
        "Saved on": {
          "href": "https://www.instagram.com/reel/DLwiFbYI-vB/",
          "timestamp": 1751842443
        }
      }
    },
    {
      "title": "st_pappi",
      "string_map_data": {
        "Saved on": {
          "href": "https://www.instagram.com/reel/DLkidmBxn2n/",
          "timestamp": 1751423255
        }
      }
    },
    {
      "title": "donmcmillancomedy",
      "string_map_data": {
        "Saved on": {
          "href": "https://www.instagram.com/reel/DLin5sWy4_y/",
          "timestamp": 1751421899
        }
      }
    },
    {
      "title": "lucastomoana_operator",
      "string_map_data": {
        "Saved on": {
          "href": "https://www.instagram.com/reel/DKltDQsMrKB/",
          "timestamp": 1750501968
        }
      }
    },
    {
      "title": "skrr_da",
      "string_map_data": {
        "Saved on": {
          "href": "https://www.instagram.com/reel/DLAbLiniiiN/",
          "timestamp": 1750185341
        }
      }
    },
    {
      "title": "celeworld8",
      "string_map_data": {
        "Saved on": {
          "href": "https://www.instagram.com/reel/DK_2UaaMUir/",
          "timestamp": 1750184822
        }
      }
    },
    {
      "title": "fightingmix_ma",
      "string_map_data": {
        "Saved on": {
          "href": "https://www.instagram.com/p/DK0Lvw0NNud/",
          "timestamp": 1750175046
        }
      }
    },
    {
      "title": "streetsofanime",
      "string_map_data": {
        "Saved on": {
          "href": "https://www.instagram.com/reel/DK_274Eozkc/",
          "timestamp": 1750161799
        }
      }
    },
    {
      "title": "ashlynpinner",
      "string_map_data": {
        "Saved on": {
          "href": "https://www.instagram.com/reel/DHzJTkhOyki/",
          "timestamp": 1750073136
        }
      }
    },
    {
      "title": "art_dailydose",
      "string_map_data": {
        "Saved on": {
          "href": "https://www.instagram.com/reel/DIzZoyICbwQ/",
          "timestamp": 1750069565
        }
      }
    },
    {
      "title": "youreverydayasian",
      "string_map_data": {
        "Saved on": {
          "href": "https://www.instagram.com/reel/DKuqwG7x_1d/",
          "timestamp": 1749718847
        }
      }
    },
    {
      "title": "moviefilmhouse",
      "string_map_data": {
        "Saved on": {
          "href": "https://www.instagram.com/reel/DJBbK9cixRv/",
          "timestamp": 1749485968
        }
      }
    },
    {
      "title": "theshaderoom",
      "string_map_data": {
        "Saved on": {
          "href": "https://www.instagram.com/p/DKnANuqOSO0/",
          "timestamp": 1749378860
        }
      }
    },
    {
      "title": "movieluts",
      "string_map_data": {
        "Saved on": {
          "href": "https://www.instagram.com/reel/DHESTFsihBG/",
          "timestamp": 1749125965
        }
      }
    },
    {
      "title": "skarsgard_bro",
      "string_map_data": {
        "Saved on": {
          "href": "https://www.instagram.com/p/DJBSBqNMfgQ/",
          "timestamp": 1748987020
        }
      }
    },
    {
      "title": "futurelondonacademy",
      "string_map_data": {
        "Saved on": {
          "href": "https://www.instagram.com/p/DKPJrVfARaR/",
          "timestamp": 1748699579
        }
      }
    },
    {
      "title": "techexpohq",
      "string_map_data": {
        "Saved on": {
          "href": "https://www.instagram.com/p/DKJ_J2dAaHU/",
          "timestamp": 1748699476
        }
      }
    },
    {
      "title": "jeenie.weenie",
      "string_map_data": {
        "Saved on": {
          "href": "https://www.instagram.com/reel/DI60Tr-zjfK/",
          "timestamp": 1748588803
        }
      }
    },
    {
      "title": "thekiffness",
      "string_map_data": {
        "Saved on": {
          "href": "https://www.instagram.com/reel/DKH9T0xAeiv/",
          "timestamp": 1748423996
        }
      }
    },
    {
      "title": "motivate.culture",
      "string_map_data": {
        "Saved on": {
          "href": "https://www.instagram.com/reel/DJmgufTthX-/",
          "timestamp": 1747939942
        }
      }
    },
    {
      "title": "mobon_autos",
      "string_map_data": {
        "Saved on": {
          "href": "https://www.instagram.com/reel/DG2ZlhnN5Xa/",
          "timestamp": 1747813511
        }
      }
    },
    {
      "title": "the.organic.human",
      "string_map_data": {
        "Saved on": {
          "href": "https://www.instagram.com/reel/DJIKF1poQYH/",
          "timestamp": 1746900847
        }
      }
    },
    {
      "title": "feesa_everyday",
      "string_map_data": {
        "Saved on": {
          "href": "https://www.instagram.com/reel/DHOZhIsoHWH/",
          "timestamp": 1746534091
        }
      }
    },
    {
      "title": "marvelmovies",
      "string_map_data": {
        "Saved on": {
          "href": "https://www.instagram.com/reel/DGgcVaey32V/",
          "timestamp": 1741757885
        }
      }
    }
  ]
}