{
  "saved_saved_collections": [
    {
      "title": "Collection",
      "string_map_data": {
        "Name": {
          "value": "Widget"
        },
        "Creation Time": {
          "timestamp": 1498076947
        },
        "Update Time": {
          "timestamp": 1708884744
        }
      }
    },
    {
      "string_map_data": {
        "Name": {
          "href": "https://www.instagram.com/p/DRxGHI6is_U/",
          "value": "income.ivy"
        },
        "Added Time": {
          "timestamp": 1764831558
        }
      }
    },
    {
      "string_map_data": {
        "Name": {
          "href": "https://www.instagram.com/p/DOJcyfKDFqG/",
          "value": "mckinsey_forward"
        },
        "Added Time": {
          "timestamp": 1757087434
        }
      }
    },
    {
      "string_map_data": {
        "Name": {
          "href": "https://www.instagram.com/p/DMNxIOFsCwu/",
          "value": "pbcnigeria"
        },
        "Added Time": {
          "timestamp": 1755209281
        }
      }
    },
    {
      "string_map_data": {
        "Name": {
          "href": "https://www.instagram.com/reel/DJmgufTthX-/",
          "value": "motivate.culture"
        },
        "Added Time": {
          "timestamp": 1747939949
        }
      }
    },
    {
      "string_map_data": {
        "Name": {
          "href": "https://www.instagram.com/reel/DGgcVaey32V/",
          "value": "marvelmovies"
        },
        "Added Time": {
          "timestamp": 1741757890
        }
      }
    },
    {
      "title": "Collection",
      "string_map_data": {
        "Name": {
          "value": "Apply"
        },
        "Creation Time": {
          "timestamp": 1523513974
        },
        "Update Time": {
          "timestamp": 1680177847
        }
      }
    }
  ]
}