[
  {
    "media_list_data": [
      {
        "uri": ""
      }
    ],
    "string_map_data": {
      "Comment": {
        "value": "\u00f0\u009f\u00a4\u00a3\u00f0\u009f\u00a4\u00a3\u00f0\u009f\u00a4\u00a3Sey diet tele"
      },
      "Media Owner": {
        "value": "oyinboibile_"
      },
      "Time": {
        "timestamp": 1769254799
      }
    }
  },
  {
    "media_list_data": [
      {
        "uri": ""
      }
    ],
    "string_map_data": {
      "Comment": {
        "value": "\u00f0\u009f\u0098\u0082\u00f0\u009f\u0098\u0082\u00f0\u009f\u0098\u0082The paired look at the end \u00f0\u009f\u0098\u0082\u00f0\u009f\u0098\u0082\u00f0\u009f\u0098\u0082"
      },
      "Media Owner": {
        "value": "cluely"
      },
      "Time": {
        "timestamp": 1769167154
      }
    }
  },
  {
    "media_list_data": [
      {
        "uri": ""
      }
    ],
    "string_map_data": {
      "Comment": {
        "value": "\u00f0\u009f\u0098\u008a\u00f0\u009f\u0098\u008a\u00f0\u009f\u0098\u008a\u00f0\u009f\u0098\u008a\u00f0\u009f\u0098\u0081"
      },
      "Media Owner": {
        "value": "saasflash"
      },
      "Time": {
        "timestamp": 1768848804
      }
    }
  },
  {
    "media_list_data": [
      {
        "uri": ""
      }
    ],
    "string_map_data": {
      "Comment": {
        "value": "They are getting sneaky by the day. There is one fake Google payment detail confirmation pop up that keeps showing on my mobile screen. The consistency in the pop up gave it away. I typed in fake details and boom it passed, I knew that was not from Google. But they literally used Google's UI. Sick!"
      },
      "Media Owner": {
        "value": "trumancyber"
      },
      "Time": {
        "timestamp": 1767172485
      }
    }
  },
  {
    "media_list_data": [
      {
        "uri": ""
      }
    ],
    "string_map_data": {
      "Comment": {
        "value": "@rrrrramsey booom! This was how I discovered one too.. Typed in fake card details, it submitted."
      },
      "Media Owner": {
        "value": "trumancyber"
      },
      "Time": {
        "timestamp": 1767172235
      }
    }
  },
  {
    "media_list_data": [
      {
        "uri": ""
      }
    ],
    "string_map_data": {
      "Comment": {
        "value": "@jhonny_f24 in as much as I did not support what Adolf did, but he saw some natural flaws which are not accepted, and this is one of them. He only went extreme."
      },
      "Media Owner": {
        "value": "catchupfeed"
      },
      "Time": {
        "timestamp": 1767171541
      }
    }
  },
  {
    "media_list_data": [
      {
        "uri": ""
      }
    ],
    "string_map_data": {
      "Comment": {
        "value": "@brkystheman ooh common oo\u00f0\u009f\u00a4\u00a3\u00f0\u009f\u00a4\u00a3\u00f0\u009f\u00a4\u00a3\u00f0\u009f\u00a4\u00a3"
      },
      "Media Owner": {
        "value": "larrystreamss"
      },
      "Time": {
        "timestamp": 1766939716
      }
    }
  },
  {
    "media_list_data": [
      {
        "uri": ""
      }
    ],
    "string_map_data": {
      "Comment": {
        "value": "OK. Demn!! - It's only what I can say!"
      },
      "Media Owner": {
        "value": "iambankole"
      },
      "Time": {
        "timestamp": 1766566777
      }
    }
  },
  {
    "media_list_data": [
      {
        "uri": ""
      }
    ],
    "string_map_data": {
      "Comment": {
        "value": "\u00f0\u009f\u0098\u008c\u00f0\u009f\u0098\u008c"
      },
      "Media Owner": {
        "value": "pastorpoju"
      },
      "Time": {
        "timestamp": 1765452255
      }
    }
  },
  {
    "media_list_data": [
      {
        "uri": ""
      }
    ],
    "string_map_data": {
      "Comment": {
        "value": "I can only say damn! The idea of tying a story to product came way back!"
      },
      "Media Owner": {
        "value": "istokp"
      },
      "Time": {
        "timestamp": 1764747412
      }
    }
  },
  {
    "media_list_data": [
      {
        "uri": ""
      }
    ],
    "string_map_data": {
      "Comment": {
        "value": "@flakhyqueen28 actually \u00f0\u009f\u0098\u0085\u00f0\u009f\u0098\u0085"
      },
      "Media Owner": {
        "value": "mrescom1_"
      },
      "Time": {
        "timestamp": 1764745868
      }
    }
  },
  {
    "media_list_data": [
      {
        "uri": ""
      }
    ],
    "string_map_data": {
      "Comment": {
        "value": "@prescientfire3 \u00f0\u009f\u0098\u0082\u00f0\u009f\u0098\u0082\u00f0\u009f\u0098\u0082"
      },
      "Media Owner": {
        "value": "mrescom1_"
      },
      "Time": {
        "timestamp": 1764745685
      }
    }
  },
  {
    "media_list_data": [
      {
        "uri": ""
      }
    ],
    "string_map_data": {
      "Comment": {
        "value": "A jab on the free users \u00f0\u009f\u0098\u0082\u00f0\u009f\u0098\u0082\u00f0\u009f\u0098\u0082\u00f0\u009f\u0098\u0082 -"
      },
      "Media Owner": {
        "value": "jacobcalyo"
      },
      "Time": {
        "timestamp": 1764716938
      }
    }
  },
  {
    "media_list_data": [
      {
        "uri": ""
      }
    ],
    "string_map_data": {
      "Comment": {
        "value": "@daniel.g.mota someone said margin call"
      },
      "Media Owner": {
        "value": "developertimeline"
      },
      "Time": {
        "timestamp": 1764290982
      }
    }
  },
  {
    "media_list_data": [
      {
        "uri": ""
      }
    ],
    "string_map_data": {
      "Comment": {
        "value": "\u00f0\u009f\u0098\u0085\u00f0\u009f\u0098\u0085"
      },
      "Media Owner": {
        "value": "joyshile"
      },
      "Time": {
        "timestamp": 1763588398
      }
    }
  },
  {
    "media_list_data": [
      {
        "uri": ""
      }
    ],
    "string_map_data": {
      "Comment": {
        "value": "Chiiish\u00f0\u009f\u0094\u00a5\u00f0\u009f\u0094\u00a5"
      },
      "Media Owner": {
        "value": "ilianzut"
      },
      "Time": {
        "timestamp": 1762773587
      }
    }
  },
  {
    "media_list_data": [
      {
        "uri": ""
      }
    ],
    "string_map_data": {
      "Comment": {
        "value": "@mikechigo \u00f0\u009f\u00a4\u00a3\u00f0\u009f\u00a4\u00a3\u00f0\u009f\u00a4\u00a3"
      },
      "Media Owner": {
        "value": "theofficial_azz"
      },
      "Time": {
        "timestamp": 1762596133
      }
    }
  },
  {
    "media_list_data": [
      {
        "uri": ""
      }
    ],
    "string_map_data": {
      "Comment": {
        "value": "@axel.adams_009 \u00f0\u009f\u0098\u0082\u00f0\u009f\u0098\u0082\u00f0\u009f\u0098\u0082nice one, every windows users will cast that role for free \u00f0\u009f\u0098\u0082"
      },
      "Media Owner": {
        "value": "memezar"
      },
      "Time": {
        "timestamp": 1762519150
      }
    }
  },
  {
    "media_list_data": [
      {
        "uri": ""
      }
    ],
    "string_map_data": {
      "Comment": {
        "value": "Mom kind of looked like Donnie Yen at the point she said \"Who are you?!!\" \u00f0\u009f\u0098\u0085\u00f0\u009f\u0098\u0085\u00f0\u009f\u0098\u0085\u00f0\u009f\u0098\u0085"
      },
      "Media Owner": {
        "value": "jeenie.weenie"
      },
      "Time": {
        "timestamp": 1762051605
      }
    }
  },
  {
    "media_list_data": [
      {
        "uri": ""
      }
    ],
    "string_map_data": {
      "Comment": {
        "value": "\u00f0\u009f\u00a4\u00a3\u00f0\u009f\u00a4\u00a3\u00f0\u009f\u00a4\u00a3"
      },
      "Media Owner": {
        "value": "mi6"
      },
      "Time": {
        "timestamp": 1762028357
      }
    }
  },
  {
    "media_list_data": [
      {
        "uri": ""
      }
    ],
    "string_map_data": {
      "Comment": {
        "value": "As long as most business sees it as a profit for them, then you can do it."
      },
      "Media Owner": {
        "value": "entreprneurinsights"
      },
      "Time": {
        "timestamp": 1761986662
      }
    }
  },
  {
    "media_list_data": [
      {
        "uri": ""
      }
    ],
    "string_map_data": {
      "Comment": {
        "value": "\u00f0\u009f\u0098\u0082\u00f0\u009f\u0098\u0082"
      },
      "Media Owner": {
        "value": "totally80sroom"
      },
      "Time": {
        "timestamp": 1761324664
      }
    }
  },
  {
    "media_list_data": [
      {
        "uri": ""
      }
    ],
    "string_map_data": {
      "Comment": {
        "value": "\u00f0\u009f\u0098\u0082\u00f0\u009f\u0098\u0082\u00f0\u009f\u0098\u0082"
      },
      "Media Owner": {
        "value": "pratibha.sharmatiwari"
      },
      "Time": {
        "timestamp": 1761210572
      }
    }
  },
  {
    "media_list_data": [
      {
        "uri": ""
      }
    ],
    "string_map_data": {
      "Comment": {
        "value": "\u00f0\u009f\u00a4\u00a3\u00f0\u009f\u00a4\u00a3Both intending Soldier and intending thiefs and fighters\u00f0\u009f\u0098\u0082"
      },
      "Media Owner": {
        "value": "dpsalmistdavid"
      },
      "Time": {
        "timestamp": 1761122262
      }
    }
  },
  {
    "media_list_data": [
      {
        "uri": ""
      }
    ],
    "string_map_data": {
      "Comment": {
        "value": "Agbaya attitude \u00f0\u009f\u0098\u0082\u00f0\u009f\u0098\u0082"
      },
      "Media Owner": {
        "value": "theinternationalbutleracademy"
      },
      "Time": {
        "timestamp": 1761030806
      }
    }
  },
  {
    "media_list_data": [
      {
        "uri": ""
      }
    ],
    "string_map_data": {
      "Comment": {
        "value": "Why does slide 3 looks more like a Nigerian map?"
      },
      "Media Owner": {
        "value": "kaizenexecutive"
      },
      "Time": {
        "timestamp": 1760783053
      }
    }
  },
  {
    "media_list_data": [
      {
        "uri": ""
      }
    ],
    "string_map_data": {
      "Comment": {
        "value": "\u00f0\u009f\u0098\u0082\u00f0\u009f\u0098\u0082Lovely! The Joy in their eyes! So real \u00f0\u009f\u0094\u00a5"
      },
      "Media Owner": {
        "value": "noahandlori"
      },
      "Time": {
        "timestamp": 1760516662
      }
    }
  },
  {
    "media_list_data": [
      {
        "uri": ""
      }
    ],
    "string_map_data": {
      "Comment": {
        "value": "Not the donkey sound \u00f0\u009f\u0098\u0082\u00f0\u009f\u0098\u0082\u00f0\u009f\u0098\u0082\u00f0\u009f\u0098\u0082made it all funny"
      },
      "Media Owner": {
        "value": "wenjiang_caihuaxiaoyuan"
      },
      "Time": {
        "timestamp": 1760459338
      }
    }
  },
  {
    "media_list_data": [
      {
        "uri": ""
      }
    ],
    "string_map_data": {
      "Comment": {
        "value": "\u00f0\u009f\u0098\u0082\u00f0\u009f\u0098\u0082\u00f0\u009f\u0098\u0082\u00f0\u009f\u0098\u0082"
      },
      "Media Owner": {
        "value": "d_sonofsolomon"
      },
      "Time": {
        "timestamp": 1760444705
      }
    }
  },
  {
    "media_list_data": [
      {
        "uri": ""
      }
    ],
    "string_map_data": {
      "Comment": {
        "value": "\u00f0\u009f\u00a4\u00a3\u00f0\u009f\u00a4\u00a3\u00f0\u009f\u00a4\u00a3That was good"
      },
      "Media Owner": {
        "value": "githubprojects"
      },
      "Time": {
        "timestamp": 1759946398
      }
    }
  },
  {
    "media_list_data": [
      {
        "uri": ""
      }
    ],
    "string_map_data": {
      "Comment": {
        "value": "The last reaction, \u00f0\u009f\u0098\u0082\u00f0\u009f\u0098\u0082\u00f0\u009f\u0098\u0082My reaction actually! Tell me this is AI"
      },
      "Media Owner": {
        "value": "cadenmcdonald"
      },
      "Time": {
        "timestamp": 1759850500
      }
    }
  },
  {
    "media_list_data": [
      {
        "uri": ""
      }
    ],
    "string_map_data": {
      "Comment": {
        "value": "@onosepaul \u00f0\u009f\u00a4\u00a3\u00f0\u009f\u00a4\u00a3\u00f0\u009f\u00a4\u00a3actually human reality now"
      },
      "Media Owner": {
        "value": "tinydicebuddies"
      },
      "Time": {
        "timestamp": 1759587089
      }
    }
  },
  {
    "media_list_data": [
      {
        "uri": ""
      }
    ],
    "string_map_data": {
      "Comment": {
        "value": "Deeeep research deep research,, dead \u00f0\u009f\u0098\u0082\u00f0\u009f\u0098\u0082\u00f0\u009f\u0098\u0082"
      },
      "Media Owner": {
        "value": "tinydicebuddies"
      },
      "Time": {
        "timestamp": 1759586592
      }
    }
  },
  {
    "media_list_data": [
      {
        "uri": ""
      }
    ],
    "string_map_data": {
      "Comment": {
        "value": "\u00f0\u009f\u00a4\u00a3\u00f0\u009f\u00a4\u00a3\u00f0\u009f\u00a4\u00a3"
      },
      "Media Owner": {
        "value": "tinydicebuddies"
      },
      "Time": {
        "timestamp": 1759586568
      }
    }
  },
  {
    "media_list_data": [
      {
        "uri": ""
      }
    ],
    "string_map_data": {
      "Comment": {
        "value": "\"Normality becomes culture\" - Seth Godin. If stuffs like this are allowed to become the norm, we are indeed setting ourselves for failure. Thank you for calling this out!!"
      },
      "Media Owner": {
        "value": "eric_gugua"
      },
      "Time": {
        "timestamp": 1759559020
      }
    }
  },
  {
    "media_list_data": [
      {
        "uri": ""
      }
    ],
    "string_map_data": {
      "Comment": {
        "value": "@motivh8ted \u00f0\u009f\u0098\u0082\u00f0\u009f\u0098\u0082"
      },
      "Media Owner": {
        "value": "motivh8ted"
      },
      "Time": {
        "timestamp": 1759320023
      }
    }
  },
  {
    "media_list_data": [
      {
        "uri": ""
      }
    ],
    "string_map_data": {
      "Comment": {
        "value": "I didn't annnticipaeete you are dyinnnnnnng! \u00f0\u009f\u0098\u0082\u00f0\u009f\u0098\u0082"
      },
      "Media Owner": {
        "value": "motivh8ted"
      },
      "Time": {
        "timestamp": 1759275445
      }
    }
  },
  {
    "media_list_data": [
      {
        "uri": ""
      }
    ],
    "string_map_data": {
      "Comment": {
        "value": "\u00f0\u009f\u00a4\u00a3\u00f0\u009f\u00a4\u00a3"
      },
      "Media Owner": {
        "value": "layiwasabi"
      },
      "Time": {
        "timestamp": 1759085068
      }
    }
  },
  {
    "media_list_data": [
      {
        "uri": ""
      }
    ],
    "string_map_data": {
      "Comment": {
        "value": "We just leant consumer behaviour for free \u00f0\u009f\u0098\u0085"
      },
      "Media Owner": {
        "value": "kidamrproducer"
      },
      "Time": {
        "timestamp": 1758819017
      }
    }
  },
  {
    "media_list_data": [
      {
        "uri": ""
      }
    ],
    "string_map_data": {
      "Comment": {
        "value": "Ouch! - \"... the world is bigger than your lack\" \u00f0\u009f\u0098\u0085. Insightful thoughts Aunty @tade_makinwa. Thank you!"
      },
      "Media Owner": {
        "value": "tade_makinwa"
      },
      "Time": {
        "timestamp": 1758818331
      }
    }
  },
  {
    "media_list_data": [
      {
        "uri": ""
      }
    ],
    "string_map_data": {
      "Comment": {
        "value": "Ok\u00f0\u009f\u0094\u00a5"
      },
      "Media Owner": {
        "value": "volny.pro"
      },
      "Time": {
        "timestamp": 1758456751
      }
    }
  },
  {
    "media_list_data": [
      {
        "uri": ""
      }
    ],
    "string_map_data": {
      "Comment": {
        "value": "The attitude and vibe just vibe with the sound \u00f0\u009f\u0098\u0082\u00f0\u009f\u0098\u0082\u00f0\u009f\u0098\u0082"
      },
      "Media Owner": {
        "value": "instaloadedtv"
      },
      "Time": {
        "timestamp": 1758190295
      }
    }
  },
  {
    "media_list_data": [
      {
        "uri": ""
      }
    ],
    "string_map_data": {
      "Comment": {
        "value": "\u00f0\u009f\u0098\u0082Nice one, expected that Johnny Depp's after touching the pot cover! \u00f0\u009f\u0098\u0082"
      },
      "Media Owner": {
        "value": "folastag"
      },
      "Time": {
        "timestamp": 1757782603
      }
    }
  },
  {
    "media_list_data": [
      {
        "uri": ""
      }
    ],
    "string_map_data": {
      "Comment": {
        "value": "\u00f0\u009f\u0098\u0082\u00f0\u009f\u0098\u0082"
      },
      "Media Owner": {
        "value": "krakscentral"
      },
      "Time": {
        "timestamp": 1757518371
      }
    }
  },
  {
    "media_list_data": [
      {
        "uri": ""
      }
    ],
    "string_map_data": {
      "Comment": {
        "value": "Madt\u00f0\u009f\u0094\u00a5lovely"
      },
      "Media Owner": {
        "value": "virsaini"
      },
      "Time": {
        "timestamp": 1757087637
      }
    }
  },
  {
    "media_list_data": [
      {
        "uri": ""
      }
    ],
    "string_map_data": {
      "Comment": {
        "value": "Techinologia\u00f0\u009f\u0098\u0082"
      },
      "Media Owner": {
        "value": "waliullah1136"
      },
      "Time": {
        "timestamp": 1755013143
      }
    }
  },
  {
    "media_list_data": [
      {
        "uri": ""
      }
    ],
    "string_map_data": {
      "Comment": {
        "value": "The Lofi sound! \u00f0\u009f\u0098\u008cMore Grace Sir!"
      },
      "Media Owner": {
        "value": "pastorpoju"
      },
      "Time": {
        "timestamp": 1753383882
      }
    }
  },
  {
    "media_list_data": [
      {
        "uri": ""
      }
    ],
    "string_map_data": {
      "Comment": {
        "value": "@elishaoseitutu \u00f0\u009f\u0098\u0082\u00f0\u009f\u0098\u0082\u00f0\u009f\u0098\u0082"
      },
      "Media Owner": {
        "value": "dryann2"
      },
      "Time": {
        "timestamp": 1753048672
      }
    }
  },
  {
    "media_list_data": [
      {
        "uri": ""
      }
    ],
    "string_map_data": {
      "Comment": {
        "value": "Lol.. The amount of time I have watched this, I might get a letter from Paul. \u00f0\u009f\u0098\u0085\u00f0\u009f\u0098\u0085"
      },
      "Media Owner": {
        "value": "revivaltodayyouth"
      },
      "Time": {
        "timestamp": 1753047902
      }
    }
  },
  {
    "media_list_data": [
      {
        "uri": ""
      }
    ],
    "string_map_data": {
      "Comment": {
        "value": "These broke me \u00f0\u009f\u00a4\u00a3\u00f0\u009f\u00a4\u00a3\u00f0\u009f\u00a4\u00a3\u00f0\u009f\u00a4\u00a3\u00f0\u009f\u00a4\u00a3"
      },
      "Media Owner": {
        "value": "goodnewschapelvan"
      },
      "Time": {
        "timestamp": 1753043683
      }
    }
  },
  {
    "media_list_data": [
      {
        "uri": ""
      }
    ],
    "string_map_data": {
      "Comment": {
        "value": "Witty and funny! Lol"
      },
      "Media Owner": {
        "value": "chiomakpotha"
      },
      "Time": {
        "timestamp": 1753043402
      }
    }
  },
  {
    "media_list_data": [
      {
        "uri": ""
      }
    ],
    "string_map_data": {
      "Comment": {
        "value": "@cupcakealogy felt the same way."
      },
      "Media Owner": {
        "value": "meme.ig"
      },
      "Time": {
        "timestamp": 1752919559
      }
    }
  },
  {
    "media_list_data": [
      {
        "uri": ""
      }
    ],
    "string_map_data": {
      "Comment": {
        "value": "\u00f0\u009f\u0098\u0082\u00f0\u009f\u0098\u0082\u00f0\u009f\u0098\u0082. OK that was not what I was expecting. \u00f0\u009f\u0098\u0082"
      },
      "Media Owner": {
        "value": "motivate.culture"
      },
      "Time": {
        "timestamp": 1752857882
      }
    }
  },
  {
    "media_list_data": [
      {
        "uri": ""
      }
    ],
    "string_map_data": {
      "Comment": {
        "value": "Spoilt? For asking for a legitimate pay! Yea things fall apart indeed, and this is life.."
      },
      "Media Owner": {
        "value": "netflixnmovies"
      },
      "Time": {
        "timestamp": 1752827377
      }
    }
  },
  {
    "media_list_data": [
      {
        "uri": ""
      }
    ],
    "string_map_data": {
      "Comment": {
        "value": "Send."
      },
      "Media Owner": {
        "value": "entreprneurinsights"
      },
      "Time": {
        "timestamp": 1752729338
      }
    }
  },
  {
    "media_list_data": [
      {
        "uri": ""
      }
    ],
    "string_map_data": {
      "Comment": {
        "value": "\u00f0\u009f\u0098\u0082\u00f0\u009f\u0098\u0082"
      },
      "Media Owner": {
        "value": "clickupcomedy"
      },
      "Time": {
        "timestamp": 1752685998
      }
    }
  },
  {
    "media_list_data": [
      {
        "uri": ""
      }
    ],
    "string_map_data": {
      "Comment": {
        "value": "I could picture every scene"
      },
      "Media Owner": {
        "value": "brokenballads"
      },
      "Time": {
        "timestamp": 1752674193
      }
    }
  },
  {
    "media_list_data": [
      {
        "uri": ""
      }
    ],
    "string_map_data": {
      "Comment": {
        "value": "Lovely story, for the sake of story. Love it. No image just naked words!!"
      },
      "Media Owner": {
        "value": "brokenballads"
      },
      "Time": {
        "timestamp": 1752674133
      }
    }
  },
  {
    "media_list_data": [
      {
        "uri": ""
      }
    ],
    "string_map_data": {
      "Comment": {
        "value": "Love the angle with which knowledge is passed, feels like Hollywood marketing 101. Love it \u00f0\u009f\u0098\u0085\u00f0\u009f\u0098\u0085\u00f0\u009f\u0098\u0085"
      },
      "Media Owner": {
        "value": "tycho_luijten"
      },
      "Time": {
        "timestamp": 1752572883
      }
    }
  },
  {
    "media_list_data": [
      {
        "uri": ""
      }
    ],
    "string_map_data": {
      "Comment": {
        "value": "Anti say \"uhm uhm\" not aware of the storm coming \u00f0\u009f\u0098\u0082\u00f0\u009f\u0098\u0082!"
      },
      "Media Owner": {
        "value": "darryl"
      },
      "Time": {
        "timestamp": 1751922645
      }
    }
  },
  {
    "media_list_data": [
      {
        "uri": ""
      }
    ],
    "string_map_data": {
      "Comment": {
        "value": "\u00f0\u009f\u0098\u0082\u00f0\u009f\u0098\u0082\u00f0\u009f\u00a4\u00a3Common man"
      },
      "Media Owner": {
        "value": "darryl"
      },
      "Time": {
        "timestamp": 1751922221
      }
    }
  },
  {
    "media_list_data": [
      {
        "uri": ""
      }
    ],
    "string_map_data": {
      "Comment": {
        "value": "@adetibabs9 I think your comment needs more like so that Jemi can understand..lol"
      },
      "Media Owner": {
        "value": "jemimaosunde"
      },
      "Time": {
        "timestamp": 1750235545
      }
    }
  },
  {
    "media_list_data": [
      {
        "uri": ""
      }
    ],
    "string_map_data": {
      "Comment": {
        "value": "@diogenesoleifera he almost choked on the code, sorry *Joke I mean. \u00f0\u009f\u0098\u0082\u00f0\u009f\u0098\u0082"
      },
      "Media Owner": {
        "value": "darrenwalshpuns"
      },
      "Time": {
        "timestamp": 1749942786
      }
    }
  },
  {
    "media_list_data": [
      {
        "uri": ""
      }
    ],
    "string_map_data": {
      "Comment": {
        "value": "Happy Birthday to Mrs Stephen. And Congratulations to the new addition! \u00f0\u009f\u008e\u0089God Bless the Baby!!"
      },
      "Media Owner": {
        "value": "stephentoluju"
      },
      "Time": {
        "timestamp": 1749485745
      }
    }
  },
  {
    "media_list_data": [
      {
        "uri": ""
      }
    ],
    "string_map_data": {
      "Comment": {
        "value": "\"Soft Era\" indeed. \u00f0\u009f\u0098\u0082"
      },
      "Media Owner": {
        "value": "tcniganmu"
      },
      "Time": {
        "timestamp": 1748591386
      }
    }
  },
  {
    "media_list_data": [
      {
        "uri": ""
      }
    ],
    "string_map_data": {
      "Comment": {
        "value": "@galshirart client: I love it. Master craft!\u00f0\u009f\u0098\u008d \n\nsome clients:  My nephew can create this in PowerPoint"
      },
      "Media Owner": {
        "value": "galshirart"
      },
      "Time": {
        "timestamp": 1748333960
      }
    }
  },
  {
    "media_list_data": [
      {
        "uri": ""
      }
    ],
    "string_map_data": {
      "Comment": {
        "value": "@nxg_design If your laptop never bleed, they dont believe the logo is \"powerful\". \n\nFor this type of logo @galshirart just created, the next thing you will hear is - \"My nephew can create this in PowerPoint\". So sad"
      },
      "Media Owner": {
        "value": "galshirart"
      },
      "Time": {
        "timestamp": 1748333740
      }
    }
  },
  {
    "media_list_data": [
      {
        "uri": ""
      }
    ],
    "string_map_data": {
      "Comment": {
        "value": "\u00f0\u009f\u0098\u0082\u00f0\u009f\u0098\u0082 toh!"
      },
      "Media Owner": {
        "value": "pastorpoju"
      },
      "Time": {
        "timestamp": 1747908981
      }
    }
  },
  {
    "media_list_data": [
      {
        "uri": ""
      }
    ],
    "string_map_data": {
      "Comment": {
        "value": "\u00e2\u009d\u00a4\u00ef\u00b8\u008fLove this so much! \u00e2\u009d\u00a4\u00ef\u00b8\u008f"
      },
      "Media Owner": {
        "value": "eric_gugua"
      },
      "Time": {
        "timestamp": 1747219565
      }
    }
  },
  {
    "media_list_data": [
      {
        "uri": ""
      }
    ],
    "string_map_data": {
      "Comment": {
        "value": "@ke_vin_sang \u00f0\u009f\u0098\u0082\u00f0\u009f\u0098\u0082just what I said in my head when I saw his impression\u00f0\u009f\u0098\u0082"
      },
      "Media Owner": {
        "value": "cameronlogsdon"
      },
      "Time": {
        "timestamp": 1746373336
      }
    }
  },
  {
    "media_list_data": [
      {
        "uri": ""
      }
    ],
    "string_map_data": {
      "Comment": {
        "value": "@tommydator \u00f0\u009f\u00a4\u00a3\u00f0\u009f\u00a4\u00a3\u00f0\u009f\u00a4\u00a3"
      },
      "Media Owner": {
        "value": "hopforpop"
      },
      "Time": {
        "timestamp": 1745491089
      }
    }
  },
  {
    "media_list_data": [
      {
        "uri": ""
      }
    ],
    "string_map_data": {
      "Comment": {
        "value": "\u00f0\u009f\u0094\u00a5\u00f0\u009f\u0094\u00a5\u00f0\u009f\u0094\u00a5\u00f0\u009f\u0094\u00a5"
      },
      "Media Owner": {
        "value": "sovereignty.ai"
      },
      "Time": {
        "timestamp": 1744926151
      }
    }
  },
  {
    "media_list_data": [
      {
        "uri": ""
      }
    ],
    "string_map_data": {
      "Comment": {
        "value": "@infi8i was about to commit.. It was all fraud from beginning \u00f0\u009f\u0098\u0082\u00f0\u009f\u0098\u0082\u00f0\u009f\u0098\u0082"
      },
      "Media Owner": {
        "value": "femanji"
      },
      "Time": {
        "timestamp": 1744835493
      }
    }
  },
  {
    "media_list_data": [
      {
        "uri": ""
      }
    ],
    "string_map_data": {
      "Comment": {
        "value": "Is either the couples are Cinematographers themselves or the guy paid them not to crack up while doing all that \u00f0\u009f\u0098\u0082\u00f0\u009f\u0098\u0082\u00f0\u009f\u0098\u0082"
      },
      "Media Owner": {
        "value": "griffinpierson"
      },
      "Time": {
        "timestamp": 1744791559
      }
    }
  },
  {
    "media_list_data": [
      {
        "uri": ""
      }
    ],
    "string_map_data": {
      "Comment": {
        "value": "\u00f0\u009f\u00a4\u00a3\u00f0\u009f\u00a4\u00a3\u00f0\u009f\u00a4\u00a3\u00f0\u009f\u00a4\u00a3"
      },
      "Media Owner": {
        "value": "taaooma"
      },
      "Time": {
        "timestamp": 1744188485
      }
    }
  },
  {
    "media_list_data": [
      {
        "uri": ""
      }
    ],
    "string_map_data": {
      "Comment": {
        "value": "\u00f0\u009f\u0098\u0082\u00f0\u009f\u0098\u0082\u00f0\u009f\u0098\u0082"
      },
      "Media Owner": {
        "value": "theadnetwork"
      },
      "Time": {
        "timestamp": 1744135087
      }
    }
  },
  {
    "media_list_data": [
      {
        "uri": ""
      }
    ],
    "string_map_data": {
      "Comment": {
        "value": "@kayllaroo Same HERE!!!"
      },
      "Media Owner": {
        "value": "yanasoflyy"
      },
      "Time": {
        "timestamp": 1741775563
      }
    }
  },
  {
    "media_list_data": [
      {
        "uri": ""
      }
    ],
    "string_map_data": {
      "Comment": {
        "value": "\u00f0\u009f\u0098\u0082Love her already.. She can calm a storm! \u00f0\u009f\u0098\u0082"
      },
      "Media Owner": {
        "value": "pappaspush"
      },
      "Time": {
        "timestamp": 1741372737
      }
    }
  },
  {
    "media_list_data": [
      {
        "uri": ""
      }
    ],
    "string_map_data": {
      "Comment": {
        "value": "\"... Sporty ni nu Sutu ni..\" \u00f0\u009f\u00a4\u00a3\u00f0\u009f\u00a4\u00a3\u00f0\u009f\u0098\u0082\u00f0\u009f\u0098\u0082 deadd. Actually no lies"
      },
      "Media Owner": {
        "value": "taaooma"
      },
      "Time": {
        "timestamp": 1738582823
      }
    }
  },
  {
    "media_list_data": [
      {
        "uri": ""
      }
    ],
    "string_map_data": {
      "Comment": {
        "value": "Feeling hypnotised from watching this vidoe \u00f0\u009f\u0098\u0085.. What would happen if I visit. Phew!"
      },
      "Media Owner": {
        "value": "dylanpage.ning"
      },
      "Time": {
        "timestamp": 1737745528
      }
    }
  }
]