{
  "organic_insights_audience": [
    {
      "title": "",
      "media_map_data": {
        
      },
      "string_map_data": {
        "Date range": {
          "href": "",
          "value": "Oct 26 - Jan 23",
          "timestamp": 0
        },
        "Followers": {
          "href": "",
          "value": "664",
          "timestamp": 0
        },
        "Followers delta": {
          "href": "",
          "value": "0% vs Jul 28 - Oct 25",
          "timestamp": 0
        },
        "Follows": {
          "href": "",
          "value": "8",
          "timestamp": 0
        },
        "Unfollows": {
          "href": "",
          "value": "8",
          "timestamp": 0
        },
        "Overall followers": {
          "href": "",
          "value": "0",
          "timestamp": 0
        },
        "Follower percentage by town/city": {
          "href": "",
          "value": "Lagos: 45.4%, Ibadan: 3.2%, Abuja: 2.6%, Port Harcourt: 2.1%, London: 1.5%",
          "timestamp": 0
        },
        "Follower percentage by country": {
          "href": "",
          "value": "Nigeria: 70.1%, United Kingdom: 9.7%, United States: 5.3%, Canada: 4.9%, Germany: 1.5%",
          "timestamp": 0
        },
        "Follower percentage by age for all genders": {
          "href": "",
          "value": "13-17: 0.3%, 18-24: 3.8%, 25-34: 31%, 35-44: 49%, 45-54: 8.4%, 55-64: 2.1%, 65+: 5.1%",
          "timestamp": 0
        },
        "Follower percentage by age for men": {
          "href": "",
          "value": "13-17: 0%, 18-24: 2%, 25-34: 24.8%, 35-44: 56.8%, 45-54: 7.9%, 55-64: 2.4%, 65+: 5.8%",
          "timestamp": 0
        },
        "Follower percentage by age for women": {
          "href": "",
          "value": "13-17: 1.2%, 18-24: 6.3%, 25-34: 38.2%, 35-44: 37.5%, 45-54: 8.2%, 55-64: 1.9%, 65+: 6.3%",
          "timestamp": 0
        },
        "Total follower percentage for men": {
          "href": "",
          "value": "64.8%",
          "timestamp": 0
        },
        "Total follower percentage for women": {
          "href": "",
          "value": "35.1%",
          "timestamp": 0
        },
        "Monday follower activity": {
          "href": "",
          "value": "257",
          "timestamp": 0
        },
        "Tuesday follower activity": {
          "href": "",
          "value": "260",
          "timestamp": 0
        },
        "Wednesday follower activity": {
          "href": "",
          "value": "259",
          "timestamp": 0
        },
        "Thursday follower activity": {
          "href": "",
          "value": "263",
          "timestamp": 0
        },
        "Friday follower activity": {
          "href": "",
          "value": "256",
          "timestamp": 0
        },
        "Saturday follower activity": {
          "href": "",
          "value": "261",
          "timestamp": 0
        },
        "Sunday follower activity": {
          "href": "",
          "value": "258",
          "timestamp": 0
        }
      }
    }
  ]
}