{
  "organic_insights_reach": [
    {
      "title": "",
      "media_map_data": {
        
      },
      "string_map_data": {
        "Date range": {
          "href": "",
          "value": "Oct 26 - Jan 23",
          "timestamp": 0
        },
        "Accounts reached": {
          "href": "",
          "value": "41",
          "timestamp": 0
        },
        "Accounts reached delta": {
          "href": "",
          "value": "+925% vs Jul 28 - Oct 25",
          "timestamp": 0
        },
        "Followers": {
          "href": "",
          "value": "80.5%",
          "timestamp": 0
        },
        "Non-followers": {
          "href": "",
          "value": "19.5%",
          "timestamp": 0
        },
        "Non-followers delta": {
          "href": "",
          "value": "You reached +166% more accounts that weren't following you compared to Jul 28 - Oct 25.",
          "timestamp": 0
        },
        "Impressions": {
          "href": "",
          "value": "98",
          "timestamp": 0
        },
        "Impressions delta": {
          "href": "",
          "value": "+180%",
          "timestamp": 0
        },
        "Profile visits": {
          "href": "",
          "value": "30",
          "timestamp": 0
        },
        "Profile visits delta": {
          "href": "",
          "value": "+36.3%",
          "timestamp": 0
        },
        "External link taps": {
          "href": "",
          "value": "1",
          "timestamp": 0
        },
        "External link taps delta": {
          "href": "",
          "value": "--",
          "timestamp": 0
        }
      }
    }
  ]
}