{
  "text_post_app_text_post_app_followers": [
    {
      "title": "",
      "string_list_data": [
        {
          "href": "https://www.threads.com/porsh_glam01",
          "value": "porsh_glam01",
          "timestamp": 1765302001
        }
      ]
    },
    {
      "title": "Adebara Ifeoluwapo",
      "string_list_data": [
        {
          "href": "https://www.threads.com/adebaraifeoluwapo",
          "value": "adebaraifeoluwapo",
          "timestamp": 1760233699
        }
      ]
    },
    {
      "title": "Abiodun Mumeen",
      "string_list_data": [
        {
          "href": "https://www.threads.com/abdulmumeenabbey",
          "value": "abdulmumeenabbey",
          "timestamp": 1757893196
        }
      ]
    },
    {
      "title": "Habeeb Odetola",
      "string_list_data": [
        {
          "href": "https://www.threads.com/idanmayana",
          "value": "idanmayana",
          "timestamp": 1754624855
        }
      ]
    },
    {
      "title": "Oluwasegunfunmi Eyitomiye",
      "string_list_data": [
        {
          "href": "https://www.threads.com/segunbenson01",
          "value": "segunbenson01",
          "timestamp": 1753870111
        }
      ]
    },
    {
      "title": "Fadunsin Ilyas Damilola",
      "string_list_data": [
        {
          "href": "https://www.threads.com/ilyazzdd",
          "value": "ilyazzdd",
          "timestamp": 1751992136
        }
      ]
    },
    {
      "title": "\u00f0\u009d\u0097\u0094 \u00f0\u009d\u0097\u009e \u00f0\u009d\u0097\u009c \u00f0\u009d\u0097\u00a1 \u00f0\u009d\u0097\u00a6 \u00f0\u009d\u0097\u0098 \u00f0\u009d\u0097\u00a0 \u00f0\u009d\u0097\u00a2 \u00f0\u009d\u0097\u00ac \u00f0\u009d\u0097\u009c \u00f0\u009d\u0097\u00a1  \u00f0\u009d\u0097\u0095 \u00f0\u009d\u0097\u0094 \u00f0\u009d\u0097\u00a6 \u00f0\u009d\u0097\u009c \u00f0\u009d\u0097\u00a7.  \u00f0\u009d\u0097\u0094 \u00f0\u009d\u0097\u00ac \u00f0\u009d\u0097\u00a2 \u00f0\u009d\u0097\u00a5 \u00f0\u009d\u0097\u009c \u00f0\u009d\u0097\u00a1 \u00f0\u009d\u0097\u0097 \u00f0\u009d\u0097\u0098",
      "string_list_data": [
        {
          "href": "https://www.threads.com/akinsemoyin_basit.a",
          "value": "akinsemoyin_basit.a",
          "timestamp": 1750773225
        }
      ]
    },
    {
      "title": "Chocolate Boy",
      "string_list_data": [
        {
          "href": "https://www.threads.com/ifexeric",
          "value": "ifexeric",
          "timestamp": 1750231031
        }
      ]
    },
    {
      "title": "Alex Idowu",
      "string_list_data": [
        {
          "href": "https://www.threads.com/nitrocode",
          "value": "nitrocode",
          "timestamp": 1749660544
        }
      ]
    },
    {
      "title": "Macaulay Udom",
      "string_list_data": [
        {
          "href": "https://www.threads.com/macaulayudom",
          "value": "macaulayudom",
          "timestamp": 1749262294
        }
      ]
    },
    {
      "title": "Tijani Oyetunde",
      "string_list_data": [
        {
          "href": "https://www.threads.com/teyblaque",
          "value": "teyblaque",
          "timestamp": 1749070682
        }
      ]
    },
    {
      "title": "Kayode Charles Adeolu",
      "string_list_data": [
        {
          "href": "https://www.threads.com/kayode077",
          "value": "kayode077",
          "timestamp": 1748670662
        }
      ]
    },
    {
      "title": "Iamchinuel",
      "string_list_data": [
        {
          "href": "https://www.threads.com/iamchinuel",
          "value": "iamchinuel",
          "timestamp": 1747486325
        }
      ]
    },
    {
      "title": "Onyeka Raymond",
      "string_list_data": [
        {
          "href": "https://www.threads.com/raymondonyeka",
          "value": "raymondonyeka",
          "timestamp": 1744032565
        }
      ]
    },
    {
      "title": "Evbodaghe Ehime",
      "string_list_data": [
        {
          "href": "https://www.threads.com/daghay_",
          "value": "daghay_",
          "timestamp": 1740318713
        }
      ]
    },
    {
      "title": "N\u00c3\u00a4t\u00c3\u00ab",
      "string_list_data": [
        {
          "href": "https://www.threads.com/nat5ade",
          "value": "nat5ade",
          "timestamp": 1739773712
        }
      ]
    },
    {
      "title": "Leye Michael",
      "string_list_data": [
        {
          "href": "https://www.threads.com/leyemichaelphotography",
          "value": "leyemichaelphotography",
          "timestamp": 1735861401
        }
      ]
    },
    {
      "title": "Damilola Afolabi Tinkerman",
      "string_list_data": [
        {
          "href": "https://www.threads.com/afolabi_damilola",
          "value": "afolabi_damilola",
          "timestamp": 1734291085
        }
      ]
    },
    {
      "title": "trista adda",
      "string_list_data": [
        {
          "href": "https://www.threads.com/0jp_cnbm",
          "value": "0jp_cnbm",
          "timestamp": 1732764473
        }
      ]
    },
    {
      "title": "Dimssy_stores",
      "string_list_data": [
        {
          "href": "https://www.threads.com/dimssy_thrift_and_stores",
          "value": "dimssy_thrift_and_stores",
          "timestamp": 1731444951
        }
      ]
    },
    {
      "title": "Dada Opeoluwa",
      "string_list_data": [
        {
          "href": "https://www.threads.com/opeoluwa_dada",
          "value": "opeoluwa_dada",
          "timestamp": 1730819752
        }
      ]
    },
    {
      "title": "Olubunmi Giwa",
      "string_list_data": [
        {
          "href": "https://www.threads.com/bunmigiwa",
          "value": "bunmigiwa",
          "timestamp": 1730048429
        }
      ]
    },
    {
      "title": "God's Not Dead",
      "string_list_data": [
        {
          "href": "https://www.threads.com/godsnotdeadmovie",
          "value": "godsnotdeadmovie",
          "timestamp": 1729978247
        }
      ]
    },
    {
      "title": "ALAUSA AJIBOLA",
      "string_list_data": [
        {
          "href": "https://www.threads.com/mista.alausa",
          "value": "mista.alausa",
          "timestamp": 1729257031
        }
      ]
    },
    {
      "title": "IamBee",
      "string_list_data": [
        {
          "href": "https://www.threads.com/blessilicous",
          "value": "blessilicous",
          "timestamp": 1729252603
        }
      ]
    },
    {
      "title": "Michael Bez Accessories",
      "string_list_data": [
        {
          "href": "https://www.threads.com/michaelbez_accessories",
          "value": "michaelbez_accessories",
          "timestamp": 1728768048
        }
      ]
    },
    {
      "title": "Ayaba",
      "string_list_data": [
        {
          "href": "https://www.threads.com/estherayaba",
          "value": "estherayaba",
          "timestamp": 1728743831
        }
      ]
    },
    {
      "title": "Aninye Uche",
      "string_list_data": [
        {
          "href": "https://www.threads.com/pappy_luchie",
          "value": "pappy_luchie",
          "timestamp": 1727019592
        }
      ]
    },
    {
      "title": "Skin  , Beauty and personal Care.",
      "string_list_data": [
        {
          "href": "https://www.threads.com/tinuara_skincareandbeauty",
          "value": "tinuara_skincareandbeauty",
          "timestamp": 1726458553
        }
      ]
    },
    {
      "title": "Ayodele Michael Adesunloye",
      "string_list_data": [
        {
          "href": "https://www.threads.com/its_ayodele",
          "value": "its_ayodele",
          "timestamp": 1724668526
        }
      ]
    },
    {
      "title": "Vivian Uzezi Agwu",
      "string_list_data": [
        {
          "href": "https://www.threads.com/mummyamandaandzaram",
          "value": "mummyamandaandzaram",
          "timestamp": 1723443819
        }
      ]
    },
    {
      "title": "Tumininu Gbadebo",
      "string_list_data": [
        {
          "href": "https://www.threads.com/gbadebotumininu",
          "value": "gbadebotumininu",
          "timestamp": 1723351403
        }
      ]
    },
    {
      "title": "Nwanolue Kez",
      "string_list_data": [
        {
          "href": "https://www.threads.com/nwanoluekenechukwu",
          "value": "nwanoluekenechukwu",
          "timestamp": 1721221407
        }
      ]
    },
    {
      "title": "Udeme | Reg. Dietitian- Nutritionist \u00f0\u009f\u0087\u00b3\u00f0\u009f\u0087\u00ac \u00f0\u009f\u008c\u008e",
      "string_list_data": [
        {
          "href": "https://www.threads.com/meetthefooddoctor",
          "value": "meetthefooddoctor",
          "timestamp": 1721085185
        }
      ]
    },
    {
      "title": "Samson Olupona",
      "string_list_data": [
        {
          "href": "https://www.threads.com/prescientfire3",
          "value": "prescientfire3",
          "timestamp": 1721077425
        }
      ]
    },
    {
      "title": "Tunde",
      "string_list_data": [
        {
          "href": "https://www.threads.com/tunde7y",
          "value": "tunde7y",
          "timestamp": 1720157939
        }
      ]
    },
    {
      "title": "Ekiye Cyril Ukeameh",
      "string_list_data": [
        {
          "href": "https://www.threads.com/cyrilekiyefilm",
          "value": "cyrilekiyefilm",
          "timestamp": 1720026299
        }
      ]
    },
    {
      "title": "B.A.M",
      "string_list_data": [
        {
          "href": "https://www.threads.com/pappie_yho",
          "value": "pappie_yho",
          "timestamp": 1719452048
        }
      ]
    },
    {
      "title": "Frank Otega Ikpeba",
      "string_list_data": [
        {
          "href": "https://www.threads.com/frankikpeba",
          "value": "frankikpeba",
          "timestamp": 1719429229
        }
      ]
    },
    {
      "title": "Mallam Zaaki",
      "string_list_data": [
        {
          "href": "https://www.threads.com/mallam233547208366",
          "value": "mallam233547208366",
          "timestamp": 1719323617
        }
      ]
    },
    {
      "title": "Daniel Olawale",
      "string_list_data": [
        {
          "href": "https://www.threads.com/lexdanolawale",
          "value": "lexdanolawale",
          "timestamp": 1718686390
        }
      ]
    },
    {
      "title": "geokem prints",
      "string_list_data": [
        {
          "href": "https://www.threads.com/geokem_prints",
          "value": "geokem_prints",
          "timestamp": 1717667689
        }
      ]
    },
    {
      "title": "_ayoshina jagun_\u00f0\u009f\u0087\u00b3\u00f0\u009f\u0087\u00ac\u00f0\u009f\u0087\u00ac\u00f0\u009f\u0087\u00a7",
      "string_list_data": [
        {
          "href": "https://www.threads.com/_ayjags_",
          "value": "_ayjags_",
          "timestamp": 1716760221
        }
      ]
    },
    {
      "title": "Evans",
      "string_list_data": [
        {
          "href": "https://www.threads.com/eveeto01",
          "value": "eveeto01",
          "timestamp": 1716061554
        }
      ]
    },
    {
      "title": "dorcas oppa\u00f0\u009f\u008c\u00bc",
      "string_list_data": [
        {
          "href": "https://www.threads.com/dorcasoppa",
          "value": "dorcasoppa",
          "timestamp": 1714203375
        }
      ]
    },
    {
      "title": "Nzemeke Chuks",
      "string_list_data": [
        {
          "href": "https://www.threads.com/dr._nz",
          "value": "dr._nz",
          "timestamp": 1711958681
        }
      ]
    },
    {
      "title": "Odebode Babajide",
      "string_list_data": [
        {
          "href": "https://www.threads.com/bodey84",
          "value": "bodey84",
          "timestamp": 1709875958
        }
      ]
    },
    {
      "title": "Akinwale Ibrahim Tunde.",
      "string_list_data": [
        {
          "href": "https://www.threads.com/santos_tunah",
          "value": "santos_tunah",
          "timestamp": 1707224920
        }
      ]
    },
    {
      "title": "Oluwakamisi Fredrick Tunde",
      "string_list_data": [
        {
          "href": "https://www.threads.com/fredkamprintmedia2",
          "value": "fredkamprintmedia2",
          "timestamp": 1705631023
        }
      ]
    },
    {
      "title": "Simone Sirgiovanni",
      "string_list_data": [
        {
          "href": "https://www.threads.com/simone_sirgiovanni",
          "value": "simone_sirgiovanni",
          "timestamp": 1704268875
        }
      ]
    },
    {
      "title": "SamLamai",
      "string_list_data": [
        {
          "href": "https://www.threads.com/iam_lat",
          "value": "iam_lat",
          "timestamp": 1703802203
        }
      ]
    },
    {
      "title": "Omoloro Oyegoke",
      "string_list_data": [
        {
          "href": "https://www.threads.com/omoloro.o",
          "value": "omoloro.o",
          "timestamp": 1703022043
        }
      ]
    },
    {
      "title": "Olufemi Oj.",
      "string_list_data": [
        {
          "href": "https://www.threads.com/olufemi.ab",
          "value": "olufemi.ab",
          "timestamp": 1702929593
        }
      ]
    },
    {
      "title": "Olayinka Salvador",
      "string_list_data": [
        {
          "href": "https://www.threads.com/bebeeyincross",
          "value": "bebeeyincross",
          "timestamp": 1702672984
        }
      ]
    },
    {
      "title": "Arowolo Henry",
      "string_list_data": [
        {
          "href": "https://www.threads.com/hein_rich007",
          "value": "hein_rich007",
          "timestamp": 1694698591
        }
      ]
    },
    {
      "title": "A\u00cc\u0080LE  CUPID",
      "string_list_data": [
        {
          "href": "https://www.threads.com/alecupid",
          "value": "alecupid",
          "timestamp": 1691518533
        }
      ]
    },
    {
      "title": "Bolade Ajibike",
      "string_list_data": [
        {
          "href": "https://www.threads.com/bolajybx",
          "value": "bolajybx",
          "timestamp": 1691043698
        }
      ]
    },
    {
      "title": "Lucy Jo Bowman",
      "string_list_data": [
        {
          "href": "https://www.threads.com/lucyjohome",
          "value": "lucyjohome",
          "timestamp": 1689956360
        }
      ]
    },
    {
      "title": "Yahaya",
      "string_list_data": [
        {
          "href": "https://www.threads.com/yahaya_issa",
          "value": "yahaya_issa",
          "timestamp": 1689524046
        }
      ]
    },
    {
      "title": "Atere Tosyn",
      "string_list_data": [
        {
          "href": "https://www.threads.com/ateretosyn",
          "value": "ateretosyn",
          "timestamp": 1689333481
        }
      ]
    },
    {
      "title": "Mary-Fidelis Abiahu",
      "string_list_data": [
        {
          "href": "https://www.threads.com/fidelisabiahu",
          "value": "fidelisabiahu",
          "timestamp": 1689119520
        }
      ]
    },
    {
      "title": "ENGAGER ROO \u00f0\u009f\u00a6\u0098 / DJ EngagerLIT UP\u00f0\u009f\u0092\u00a1\u00f0\u009f\u0087\u00a8\u00f0\u009f\u0087\u00a6 \u00f0\u009f\u0087\u00b3\u00f0\u009f\u0087\u00ac",
      "string_list_data": [
        {
          "href": "https://www.threads.com/engager_official",
          "value": "engager_official",
          "timestamp": 1689104046
        }
      ]
    },
    {
      "title": "Emmanuel Awesome",
      "string_list_data": [
        {
          "href": "https://www.threads.com/awesomeofficiall",
          "value": "awesomeofficiall",
          "timestamp": 1689090535
        }
      ]
    },
    {
      "title": "Sylvester Ogochukwu",
      "string_list_data": [
        {
          "href": "https://www.threads.com/sylvagoldfish",
          "value": "sylvagoldfish",
          "timestamp": 1689073261
        }
      ]
    },
    {
      "title": "Adeneye Michael D're",
      "string_list_data": [
        {
          "href": "https://www.threads.com/adeneyemichael",
          "value": "adeneyemichael",
          "timestamp": 1689070807
        }
      ]
    },
    {
      "title": "Monsuru Olorunwa Tiamiyu",
      "string_list_data": [
        {
          "href": "https://www.threads.com/monsurutiamiyuphotography",
          "value": "monsurutiamiyuphotography",
          "timestamp": 1689069768
        }
      ]
    },
    {
      "title": "Idowu-omoniyi Oyetola Motunrayo",
      "string_list_data": [
        {
          "href": "https://www.threads.com/motunrayoidowuomoniyi",
          "value": "motunrayoidowuomoniyi",
          "timestamp": 1689066337
        }
      ]
    },
    {
      "title": "Ige Victor Kolade",
      "string_list_data": [
        {
          "href": "https://www.threads.com/kolakunmi",
          "value": "kolakunmi",
          "timestamp": 1689027026
        }
      ]
    },
    {
      "title": "Oyindamola Alimi Ogunleye",
      "string_list_data": [
        {
          "href": "https://www.threads.com/hunnypourwealth",
          "value": "hunnypourwealth",
          "timestamp": 1688917047
        }
      ]
    },
    {
      "title": "PenjoStudios \u00f0\u009f\u0087\u00a8\u00f0\u009f\u0087\u00a6",
      "string_list_data": [
        {
          "href": "https://www.threads.com/penjostudios",
          "value": "penjostudios",
          "timestamp": 1688916068
        }
      ]
    },
    {
      "title": "Providence Brave",
      "string_list_data": [
        {
          "href": "https://www.threads.com/providence.brave",
          "value": "providence.brave",
          "timestamp": 1688915081
        }
      ]
    },
    {
      "title": "Patira Oluwaseun Micheal",
      "string_list_data": [
        {
          "href": "https://www.threads.com/seunpatira",
          "value": "seunpatira",
          "timestamp": 1688896119
        }
      ]
    },
    {
      "title": "Adediran Tobiloba BabaT",
      "string_list_data": [
        {
          "href": "https://www.threads.com/tobiloba_bridgewaysolutions",
          "value": "tobiloba_bridgewaysolutions",
          "timestamp": 1688889271
        }
      ]
    },
    {
      "title": "Sholmonsplace",
      "string_list_data": [
        {
          "href": "https://www.threads.com/sholmonsplace",
          "value": "sholmonsplace",
          "timestamp": 1688885977
        }
      ]
    },
    {
      "title": "Tunde Oteniya",
      "string_list_data": [
        {
          "href": "https://www.threads.com/tundeoteniya",
          "value": "tundeoteniya",
          "timestamp": 1688880502
        }
      ]
    },
    {
      "title": "JenniferJordan Interior Design",
      "string_list_data": [
        {
          "href": "https://www.threads.com/jj_interiordesign",
          "value": "jj_interiordesign",
          "timestamp": 1688834263
        }
      ]
    },
    {
      "title": "Shop Cane, Rattan, Wicker Furniture & Interior Design Pieces",
      "string_list_data": [
        {
          "href": "https://www.threads.com/therattanplace",
          "value": "therattanplace",
          "timestamp": 1688820709
        }
      ]
    },
    {
      "title": "Omatseye Mofe",
      "string_list_data": [
        {
          "href": "https://www.threads.com/mofethecreator",
          "value": "mofethecreator",
          "timestamp": 1688820379
        }
      ]
    },
    {
      "title": "Olu Mide",
      "string_list_data": [
        {
          "href": "https://www.threads.com/ahmedakodu22",
          "value": "ahmedakodu22",
          "timestamp": 1688815099
        }
      ]
    },
    {
      "title": "Enyinnaya Nwosu",
      "string_list_data": [
        {
          "href": "https://www.threads.com/nwosuenyinnaya",
          "value": "nwosuenyinnaya",
          "timestamp": 1688778968
        }
      ]
    },
    {
      "title": "Olumide Michael Abiwo",
      "string_list_data": [
        {
          "href": "https://www.threads.com/holumede",
          "value": "holumede",
          "timestamp": 1688775309
        }
      ]
    },
    {
      "title": "Wristband.NIG",
      "string_list_data": [
        {
          "href": "https://www.threads.com/wristband.nig",
          "value": "wristband.nig",
          "timestamp": 1688768241
        }
      ]
    },
    {
      "title": "SophStar \u00e2\u00ad\u0090\u00ef\u00b8\u008f",
      "string_list_data": [
        {
          "href": "https://www.threads.com/thesophiabello",
          "value": "thesophiabello",
          "timestamp": 1688765339
        }
      ]
    },
    {
      "title": "Tkc Ilupeju",
      "string_list_data": [
        {
          "href": "https://www.threads.com/thekingschamber",
          "value": "thekingschamber",
          "timestamp": 1688764275
        }
      ]
    },
    {
      "title": "Anuoluwapo",
      "string_list_data": [
        {
          "href": "https://www.threads.com/mdtemi",
          "value": "mdtemi",
          "timestamp": 1688761773
        }
      ]
    },
    {
      "title": "Zacheus Ojelade Photography (ZOP Studios \u00f0\u009f\u0093\u00b8)",
      "string_list_data": [
        {
          "href": "https://www.threads.com/zop_studios",
          "value": "zop_studios",
          "timestamp": 1688757124
        }
      ]
    },
    {
      "title": "Esther Opatade",
      "string_list_data": [
        {
          "href": "https://www.threads.com/adejokeopatade",
          "value": "adejokeopatade",
          "timestamp": 1688756487
        }
      ]
    },
    {
      "title": "Uwa Itsueli Okafor",
      "string_list_data": [
        {
          "href": "https://www.threads.com/uwasparkle",
          "value": "uwasparkle",
          "timestamp": 1688748698
        }
      ]
    },
    {
      "title": "Kehinde Akintobi",
      "string_list_data": [
        {
          "href": "https://www.threads.com/kehinde_akintobi",
          "value": "kehinde_akintobi",
          "timestamp": 1688744104
        }
      ]
    },
    {
      "title": "\u00f0\u009f\u0092\u0095BB",
      "string_list_data": [
        {
          "href": "https://www.threads.com/cheeksyb",
          "value": "cheeksyb",
          "timestamp": 1688740377
        }
      ]
    },
    {
      "title": "Olukayode Kay",
      "string_list_data": [
        {
          "href": "https://www.threads.com/onpointsalonuk",
          "value": "onpointsalonuk",
          "timestamp": 1688740292
        }
      ]
    },
    {
      "title": "",
      "string_list_data": [
        {
          "href": "https://www.threads.com/eikn.op",
          "value": "eikn.op",
          "timestamp": 1688729981
        }
      ]
    },
    {
      "title": "Wale Atekoja(Coding for Black Kids In UK)",
      "string_list_data": [
        {
          "href": "https://www.threads.com/atexxeta",
          "value": "atexxeta",
          "timestamp": 1688728819
        }
      ]
    },
    {
      "title": "Oshilewe Holuwagbemigar Jacobs",
      "string_list_data": [
        {
          "href": "https://www.threads.com/oshilewegbenga",
          "value": "oshilewegbenga",
          "timestamp": 1688727597
        }
      ]
    },
    {
      "title": "Abayommy Shotunde",
      "string_list_data": [
        {
          "href": "https://www.threads.com/phonenicks",
          "value": "phonenicks",
          "timestamp": 1688727145
        }
      ]
    },
    {
      "title": "shettybob",
      "string_list_data": [
        {
          "href": "https://www.threads.com/shettybob",
          "value": "shettybob",
          "timestamp": 1688726092
        }
      ]
    },
    {
      "title": "Oluwaseyifunmi",
      "string_list_data": [
        {
          "href": "https://www.threads.com/oseyifunmmi",
          "value": "oseyifunmmi",
          "timestamp": 1688720632
        }
      ]
    },
    {
      "title": "Huumanize \u00e2\u0084\u00a2",
      "string_list_data": [
        {
          "href": "https://www.threads.com/huumanize",
          "value": "huumanize",
          "timestamp": 1688719336
        }
      ]
    },
    {
      "title": "Oluwatosin Elliott",
      "string_list_data": [
        {
          "href": "https://www.threads.com/elyotemi",
          "value": "elyotemi",
          "timestamp": 1688717914
        }
      ]
    },
    {
      "title": "TA",
      "string_list_data": [
        {
          "href": "https://www.threads.com/sirtoluajayi",
          "value": "sirtoluajayi",
          "timestamp": 1688716769
        }
      ]
    },
    {
      "title": "Arawole Adelowo Odunayo Ayodeji",
      "string_list_data": [
        {
          "href": "https://www.threads.com/ayo_moboluwaji",
          "value": "ayo_moboluwaji",
          "timestamp": 1688716720
        }
      ]
    },
    {
      "title": "Engr Johnson Adetunji Adeboga",
      "string_list_data": [
        {
          "href": "https://www.threads.com/johnsonadeboga",
          "value": "johnsonadeboga",
          "timestamp": 1688713409
        }
      ]
    },
    {
      "title": "The PriestHood",
      "string_list_data": [
        {
          "href": "https://www.threads.com/the_priesthood",
          "value": "the_priesthood",
          "timestamp": 1688713141
        }
      ]
    },
    {
      "title": "Paul's Epistles",
      "string_list_data": [
        {
          "href": "https://www.threads.com/onosepaul",
          "value": "onosepaul",
          "timestamp": 1688712825
        }
      ]
    },
    {
      "title": "Yomi O.",
      "string_list_data": [
        {
          "href": "https://www.threads.com/bennyflash1",
          "value": "bennyflash1",
          "timestamp": 1688709990
        }
      ]
    },
    {
      "title": "Joshua Jay-d",
      "string_list_data": [
        {
          "href": "https://www.threads.com/joshuajayd",
          "value": "joshuajayd",
          "timestamp": 1688708097
        }
      ]
    },
    {
      "title": "Ayodele Oluwafemi Ayotunde",
      "string_list_data": [
        {
          "href": "https://www.threads.com/ayodele.ayotunde",
          "value": "ayodele.ayotunde",
          "timestamp": 1688705746
        }
      ]
    },
    {
      "title": "Oluwakemisola Osho",
      "string_list_data": [
        {
          "href": "https://www.threads.com/oluwakhemysola",
          "value": "oluwakhemysola",
          "timestamp": 1688694718
        }
      ]
    },
    {
      "title": "Mayowa Awujoola",
      "string_list_data": [
        {
          "href": "https://www.threads.com/dimayoor",
          "value": "dimayoor",
          "timestamp": 1688694677
        }
      ]
    },
    {
      "title": "Obiora Anisiuba | Interior Designer",
      "string_list_data": [
        {
          "href": "https://www.threads.com/mopleasure01",
          "value": "mopleasure01",
          "timestamp": 1688686659
        }
      ]
    },
    {
      "title": "Ekenedirichukwu Ken Okorocha",
      "string_list_data": [
        {
          "href": "https://www.threads.com/egbongram",
          "value": "egbongram",
          "timestamp": 1688686183
        }
      ]
    },
    {
      "title": "Kawthar | Virtual Assistant in Lagos",
      "string_list_data": [
        {
          "href": "https://www.threads.com/kawthar.saberedowo",
          "value": "kawthar.saberedowo",
          "timestamp": 1688680454
        }
      ]
    },
    {
      "title": "Eric_Jnr",
      "string_list_data": [
        {
          "href": "https://www.threads.com/fame_ericjnr",
          "value": "fame_ericjnr",
          "timestamp": 1688679966
        }
      ]
    },
    {
      "title": "Olayemi Nicholas Ononowo",
      "string_list_data": [
        {
          "href": "https://www.threads.com/olayemiononowo",
          "value": "olayemiononowo",
          "timestamp": 1688678900
        }
      ]
    },
    {
      "title": "PastorAjibola Akinyemi",
      "string_list_data": [
        {
          "href": "https://www.threads.com/pastorajibolaakinyemi",
          "value": "pastorajibolaakinyemi",
          "timestamp": 1688677579
        }
      ]
    },
    {
      "title": "Ayz Ayor",
      "string_list_data": [
        {
          "href": "https://www.threads.com/ayz_ayor",
          "value": "ayz_ayor",
          "timestamp": 1688673229
        }
      ]
    },
    {
      "title": "Dami \u00e2\u0080\u0098DAOK\u00e2\u0080\u0099 Okhoya",
      "string_list_data": [
        {
          "href": "https://www.threads.com/daok.e",
          "value": "daok.e",
          "timestamp": 1688672925
        }
      ]
    },
    {
      "title": "Abimbola Oluwafunke Oluwatoye",
      "string_list_data": [
        {
          "href": "https://www.threads.com/bimblog05",
          "value": "bimblog05",
          "timestamp": 1688672626
        }
      ]
    },
    {
      "title": "Fatimah Bint Quarmardeen",
      "string_list_data": [
        {
          "href": "https://www.threads.com/abenioge86",
          "value": "abenioge86",
          "timestamp": 1688671686
        }
      ]
    },
    {
      "title": "Oyelowo Ayodeji",
      "string_list_data": [
        {
          "href": "https://www.threads.com/jedidiah2011",
          "value": "jedidiah2011",
          "timestamp": 1688671389
        }
      ]
    },
    {
      "title": "Teniola",
      "string_list_data": [
        {
          "href": "https://www.threads.com/_teni.a_",
          "value": "_teni.a_",
          "timestamp": 1688671349
        }
      ]
    },
    {
      "title": "Cfi Otefe Plus",
      "string_list_data": [
        {
          "href": "https://www.threads.com/cfi_otefeplus",
          "value": "cfi_otefeplus",
          "timestamp": 1688671237
        }
      ]
    },
    {
      "title": "Pelumi Aina",
      "string_list_data": [
        {
          "href": "https://www.threads.com/ipelumiobisesan",
          "value": "ipelumiobisesan",
          "timestamp": 1688670608
        }
      ]
    },
    {
      "title": "Mega Clark",
      "string_list_data": [
        {
          "href": "https://www.threads.com/omega_graphix",
          "value": "omega_graphix",
          "timestamp": 1688669340
        }
      ]
    },
    {
      "title": "Abdulwasi'i Ilyas",
      "string_list_data": [
        {
          "href": "https://www.threads.com/projectech_networks_design",
          "value": "projectech_networks_design",
          "timestamp": 1688669330
        }
      ]
    },
    {
      "title": "D\u00c3\u00a8n\u00c3\u00ack\u00e1\u00ba\u00b9\u00cc\u0080's Haven",
      "string_list_data": [
        {
          "href": "https://www.threads.com/denikeshaven",
          "value": "denikeshaven",
          "timestamp": 1688668569
        }
      ]
    },
    {
      "title": "Gbenga Joshua Walter Bolarinwa",
      "string_list_data": [
        {
          "href": "https://www.threads.com/eaglesbrandintegrated",
          "value": "eaglesbrandintegrated",
          "timestamp": 1688659594
        }
      ]
    },
    {
      "title": "Jemimah Solomon- Sanu",
      "string_list_data": [
        {
          "href": "https://www.threads.com/pinon_creations",
          "value": "pinon_creations",
          "timestamp": 1688658766
        }
      ]
    },
    {
      "title": "Simply Nita",
      "string_list_data": [
        {
          "href": "https://www.threads.com/nitamark_",
          "value": "nitamark_",
          "timestamp": 1688657876
        }
      ]
    },
    {
      "title": "Oluwadamilola",
      "string_list_data": [
        {
          "href": "https://www.threads.com/tosyntiodunmo",
          "value": "tosyntiodunmo",
          "timestamp": 1688657294
        }
      ]
    },
    {
      "title": "Olawale Owodeinde",
      "string_list_data": [
        {
          "href": "https://www.threads.com/olawale_owodeinde",
          "value": "olawale_owodeinde",
          "timestamp": 1688656457
        }
      ]
    },
    {
      "title": "CEO Brolow Kouture",
      "string_list_data": [
        {
          "href": "https://www.threads.com/knightbrolow",
          "value": "knightbrolow",
          "timestamp": 1688656201
        }
      ]
    },
    {
      "title": "Omotayo Omowunmi",
      "string_list_data": [
        {
          "href": "https://www.threads.com/homor_wunmi",
          "value": "homor_wunmi",
          "timestamp": 1688654567
        }
      ]
    },
    {
      "title": "Tunji Johnson",
      "string_list_data": [
        {
          "href": "https://www.threads.com/tii_johnson",
          "value": "tii_johnson",
          "timestamp": 1688654325
        }
      ]
    },
    {
      "title": "Dax Dasilva",
      "string_list_data": [
        {
          "href": "https://www.threads.com/daxdasilva",
          "value": "daxdasilva",
          "timestamp": 1688652332
        }
      ]
    },
    {
      "title": "Labi Datsbaidwei Diya",
      "string_list_data": [
        {
          "href": "https://www.threads.com/labdya",
          "value": "labdya",
          "timestamp": 1688651588
        }
      ]
    },
    {
      "title": "Rahji Mosunmola",
      "string_list_data": [
        {
          "href": "https://www.threads.com/mosoonmorlah",
          "value": "mosoonmorlah",
          "timestamp": 1688651353
        }
      ]
    },
    {
      "title": "Adams Oluwafemi Olajide",
      "string_list_data": [
        {
          "href": "https://www.threads.com/ot_adams",
          "value": "ot_adams",
          "timestamp": 1688650924
        }
      ]
    },
    {
      "title": "styleclearance",
      "string_list_data": [
        {
          "href": "https://www.threads.com/styleclearance",
          "value": "styleclearance",
          "timestamp": 1688650134
        }
      ]
    },
    {
      "title": "Queen Ngozi Idemudia",
      "string_list_data": [
        {
          "href": "https://www.threads.com/queenngozimudia",
          "value": "queenngozimudia",
          "timestamp": 1688649256
        }
      ]
    },
    {
      "title": "Bukola Onwordi",
      "string_list_data": [
        {
          "href": "https://www.threads.com/b_u_k_k_y",
          "value": "b_u_k_k_y",
          "timestamp": 1688647624
        }
      ]
    },
    {
      "title": "Oriyomi",
      "string_list_data": [
        {
          "href": "https://www.threads.com/mo_nacooo",
          "value": "mo_nacooo",
          "timestamp": 1688647465
        }
      ]
    },
    {
      "title": "Segun Oyeyiola",
      "string_list_data": [
        {
          "href": "https://www.threads.com/trinitysege",
          "value": "trinitysege",
          "timestamp": 1688647460
        }
      ]
    },
    {
      "title": "Salami Olanrewaju Azeez",
      "string_list_data": [
        {
          "href": "https://www.threads.com/hayzead4rreal",
          "value": "hayzead4rreal",
          "timestamp": 1688647029
        }
      ]
    },
    {
      "title": "Emeka",
      "string_list_data": [
        {
          "href": "https://www.threads.com/emekatalks",
          "value": "emekatalks",
          "timestamp": 1688646488
        }
      ]
    },
    {
      "title": "Kingsley Obika",
      "string_list_data": [
        {
          "href": "https://www.threads.com/kingobika",
          "value": "kingobika",
          "timestamp": 1688645698
        }
      ]
    },
    {
      "title": "estancreatives",
      "string_list_data": [
        {
          "href": "https://www.threads.com/estancreatives",
          "value": "estancreatives",
          "timestamp": 1688644526
        }
      ]
    },
    {
      "title": "",
      "string_list_data": [
        {
          "href": "https://www.threads.com/opeplease",
          "value": "opeplease",
          "timestamp": 1688644264
        }
      ]
    },
    {
      "title": "Kazeem Ibrahim",
      "string_list_data": [
        {
          "href": "https://www.threads.com/kahzkahz",
          "value": "kahzkahz",
          "timestamp": 1688644128
        }
      ]
    },
    {
      "title": "Uchenna Innocent",
      "string_list_data": [
        {
          "href": "https://www.threads.com/innosaint_uche",
          "value": "innosaint_uche",
          "timestamp": 1688643792
        }
      ]
    },
    {
      "title": "Honorable Rym\u00f0\u009f\u0092\u00a5",
      "string_list_data": [
        {
          "href": "https://www.threads.com/honorablerym",
          "value": "honorablerym",
          "timestamp": 1688643292
        }
      ]
    },
    {
      "title": "MC Enime",
      "string_list_data": [
        {
          "href": "https://www.threads.com/enimz",
          "value": "enimz",
          "timestamp": 1688642765
        }
      ]
    },
    {
      "title": "Samantha",
      "string_list_data": [
        {
          "href": "https://www.threads.com/samiileysi",
          "value": "samiileysi",
          "timestamp": 1688642274
        }
      ]
    },
    {
      "title": "teedollarMedia",
      "string_list_data": [
        {
          "href": "https://www.threads.com/teedollar_media",
          "value": "teedollar_media",
          "timestamp": 1688641470
        }
      ]
    },
    {
      "title": "\u00f0\u009d\u0091\u0082\u00f0\u009d\u0091\u0099\u00f0\u009d\u0091\u00a2\u00f0\u009d\u0091\u00a4\u00f0\u009d\u0091\u008e\u00f0\u009d\u0091\u00a1\u00f0\u009d\u0091\u009c\u00f0\u009d\u0091\u00a0\u00f0\u009d\u0091\u0096\u00f0\u009d\u0091\u009b \u00f0\u009d\u0091\u0082. \u00f0\u009d\u0091\u0082\u00f0\u009d\u0091\u0099\u00f0\u009d\u0091\u00a2\u00f0\u009d\u0091\u00a0\u00f0\u009d\u0091\u008e",
      "string_list_data": [
        {
          "href": "https://www.threads.com/oluwatosin_olusa",
          "value": "oluwatosin_olusa",
          "timestamp": 1688640489
        }
      ]
    },
    {
      "title": "Kelvin Sonybare",
      "string_list_data": [
        {
          "href": "https://www.threads.com/bysonybare",
          "value": "bysonybare",
          "timestamp": 1688639656
        }
      ]
    },
    {
      "title": "Samuel Omotosho",
      "string_list_data": [
        {
          "href": "https://www.threads.com/sam_omotosho",
          "value": "sam_omotosho",
          "timestamp": 1688638802
        }
      ]
    },
    {
      "title": "Deji Oyewole",
      "string_list_data": [
        {
          "href": "https://www.threads.com/dejiantez",
          "value": "dejiantez",
          "timestamp": 1688638738
        }
      ]
    },
    {
      "title": "Victoria Oluwatayo Akintola",
      "string_list_data": [
        {
          "href": "https://www.threads.com/vic_olut",
          "value": "vic_olut",
          "timestamp": 1688638216
        }
      ]
    },
    {
      "title": "Nathaniel Olu Awolope",
      "string_list_data": [
        {
          "href": "https://www.threads.com/baba_nath",
          "value": "baba_nath",
          "timestamp": 1688637508
        }
      ]
    },
    {
      "title": "Betta Sweet Cake | Ikorodu",
      "string_list_data": [
        {
          "href": "https://www.threads.com/betta_sweet_cake",
          "value": "betta_sweet_cake",
          "timestamp": 1688634463
        }
      ]
    },
    {
      "title": "\u00e1\u00a5\u00b4\u00ea\u00ab\u009d\u00ea\u00aa\u0096\u00ea\u00aa\u00b6\u00e1\u00a5\u00b4\u00ea\u00ab\u0080\u00e1\u00a6\u0094\u00ea\u00aa\u00ae\u00ea\u00aa\u0080\u00ea\u00aa\u0097 \u00f0\u009f\u008f\u0086",
      "string_list_data": [
        {
          "href": "https://www.threads.com/ola_chalcedony",
          "value": "ola_chalcedony",
          "timestamp": 1688633316
        }
      ]
    },
    {
      "title": "Oluseyi Taiwo",
      "string_list_data": [
        {
          "href": "https://www.threads.com/mo_berryie",
          "value": "mo_berryie",
          "timestamp": 1688632129
        }
      ]
    },
    {
      "title": "Emmanuel Ibekwe (Immaculate)",
      "string_list_data": [
        {
          "href": "https://www.threads.com/theemmaibekwe",
          "value": "theemmaibekwe",
          "timestamp": 1688629586
        }
      ]
    },
    {
      "title": "Abiola Fabio",
      "string_list_data": [
        {
          "href": "https://www.threads.com/abiolafabio",
          "value": "abiolafabio",
          "timestamp": 1688628898
        }
      ]
    },
    {
      "title": "Mike Chigo \u00e2\u0099\u0089\u00ef\u00b8\u008f",
      "string_list_data": [
        {
          "href": "https://www.threads.com/mikechigo",
          "value": "mikechigo",
          "timestamp": 1688628463
        }
      ]
    },
    {
      "title": "JK",
      "string_list_data": [
        {
          "href": "https://www.threads.com/jokekunle",
          "value": "jokekunle",
          "timestamp": 1688628350
        }
      ]
    },
    {
      "title": "6X",
      "string_list_data": [
        {
          "href": "https://www.threads.com/voke_adamx",
          "value": "voke_adamx",
          "timestamp": 1688628022
        }
      ]
    },
    {
      "title": "Idam Augustine",
      "string_list_data": [
        {
          "href": "https://www.threads.com/realokoche",
          "value": "realokoche",
          "timestamp": 1688627687
        }
      ]
    },
    {
      "title": "Father Figure",
      "string_list_data": [
        {
          "href": "https://www.threads.com/ade.owosho",
          "value": "ade.owosho",
          "timestamp": 1688627284
        }
      ]
    },
    {
      "title": "John Okenwa",
      "string_list_data": [
        {
          "href": "https://www.threads.com/thejokem",
          "value": "thejokem",
          "timestamp": 1688626898
        }
      ]
    },
    {
      "title": "Marketing Strategy & Career",
      "string_list_data": [
        {
          "href": "https://www.threads.com/judeakhabue_",
          "value": "judeakhabue_",
          "timestamp": 1688625366
        }
      ]
    },
    {
      "title": "Ajogbasile Oludotun",
      "string_list_data": [
        {
          "href": "https://www.threads.com/dotmanajo",
          "value": "dotmanajo",
          "timestamp": 1688623649
        }
      ]
    },
    {
      "title": "wisdomcity",
      "string_list_data": [
        {
          "href": "https://www.threads.com/wisdomcity",
          "value": "wisdomcity",
          "timestamp": 1688623338
        }
      ]
    },
    {
      "title": "Palmer Technologies",
      "string_list_data": [
        {
          "href": "https://www.threads.com/palmertechnolgies",
          "value": "palmertechnolgies",
          "timestamp": 1688621400
        }
      ]
    },
    {
      "title": "Abiola Akinnubi",
      "string_list_data": [
        {
          "href": "https://www.threads.com/aakinnubis",
          "value": "aakinnubis",
          "timestamp": 1688621053
        }
      ]
    }
  ]
}