{
  "text_post_app_text_post_app_posts_seen": [
    {
      "string_map_data": {
        "Author": {
          "value": "theyachtinfo"
        },
        "Time": {
          "timestamp": 1768993434
        },
        "URL": {
          "href": "https://www.instagram.com/p/DTNyzQfjWqc/"
        }
      }
    },
    {
      "string_map_data": {
        "Author": {
          "value": "airesearches"
        },
        "Time": {
          "timestamp": 1769246431
        },
        "URL": {
          "href": "https://www.instagram.com/p/DTVvGmQgb93/"
        }
      }
    },
    {
      "string_map_data": {
        "Author": {
          "value": "marketing.growmatics"
        },
        "Time": {
          "timestamp": 1769246431
        },
        "URL": {
          "href": "https://www.instagram.com/p/DTdbe7iggNv/"
        }
      }
    },
    {
      "string_map_data": {
        "Author": {
          "value": "memezar"
        },
        "Time": {
          "timestamp": 1768674747
        },
        "URL": {
          "href": "https://www.instagram.com/p/DTgIa2LCE8R/"
        }
      }
    },
    {
      "string_map_data": {
        "Author": {
          "value": "theyachtinfo"
        },
        "Time": {
          "timestamp": 1768993428
        },
        "URL": {
          "href": "https://www.instagram.com/p/DTNyzQfjWqc/"
        }
      }
    },
    {
      "string_map_data": {
        "Author": {
          "value": "marketing.growmatics"
        },
        "Time": {
          "timestamp": 1769247257
        },
        "URL": {
          "href": "https://www.instagram.com/p/DTdbe7iggNv/"
        }
      }
    },
    {
      "string_map_data": {
        "Author": {
          "value": "airesearches"
        },
        "Time": {
          "timestamp": 1769247486
        },
        "URL": {
          "href": "https://www.instagram.com/p/DTVvGmQgb93/"
        }
      }
    },
    {
      "string_map_data": {
        "Author": {
          "value": "lamideadeyeye"
        },
        "Time": {
          "timestamp": 1768873820
        },
        "URL": {
          "href": "https://www.instagram.com/p/DTlAD6iDKIF/"
        }
      }
    }
  ]
}