{
  "story_activities_story_likes": [
    {
      "title": "jemimaosunde",
      "string_list_data": [
        {
          "timestamp": 1769254483
        }
      ]
    },
    {
      "title": "jokekunle",
      "string_list_data": [
        {
          "timestamp": 1767192017
        }
      ]
    },
    {
      "title": "stephentoluju",
      "string_list_data": [
        {
          "timestamp": 1766571305
        }
      ]
    },
    {
      "title": "stephentoluju",
      "string_list_data": [
        {
          "timestamp": 1766571301
        }
      ]
    },
    {
      "title": "mo_berryie",
      "string_list_data": [
        {
          "timestamp": 1766567734
        }
      ]
    },
    {
      "title": "thesophiabello",
      "string_list_data": [
        {
          "timestamp": 1766070962
        }
      ]
    },
    {
      "title": "jokekunle",
      "string_list_data": [
        {
          "timestamp": 1766070931
        }
      ]
    },
    {
      "title": "pastorpoju",
      "string_list_data": [
        {
          "timestamp": 1765979207
        }
      ]
    },
    {
      "title": "ipelumiobisesan",
      "string_list_data": [
        {
          "timestamp": 1765454017
        }
      ]
    },
    {
      "title": "bollabello",
      "string_list_data": [
        {
          "timestamp": 1764576329
        }
      ]
    },
    {
      "title": "opeplease",
      "string_list_data": [
        {
          "timestamp": 1764574261
        }
      ]
    },
    {
      "title": "fop.studios",
      "string_list_data": [
        {
          "timestamp": 1764271278
        }
      ]
    },
    {
      "title": "fop.studios",
      "string_list_data": [
        {
          "timestamp": 1764271050
        }
      ]
    },
    {
      "title": "kitan.id",
      "string_list_data": [
        {
          "timestamp": 1763478668
        }
      ]
    },
    {
      "title": "onosepaul",
      "string_list_data": [
        {
          "timestamp": 1763478653
        }
      ]
    },
    {
      "title": "onosepaul",
      "string_list_data": [
        {
          "timestamp": 1763478650
        }
      ]
    },
    {
      "title": "kitan.id",
      "string_list_data": [
        {
          "timestamp": 1763218146
        }
      ]
    },
    {
      "title": "biolatiago",
      "string_list_data": [
        {
          "timestamp": 1762880888
        }
      ]
    },
    {
      "title": "iniikpi",
      "string_list_data": [
        {
          "timestamp": 1762766593
        }
      ]
    },
    {
      "title": "toyinpoyemade",
      "string_list_data": [
        {
          "timestamp": 1762766564
        }
      ]
    },
    {
      "title": "chijioke26",
      "string_list_data": [
        {
          "timestamp": 1762766173
        }
      ]
    },
    {
      "title": "samuwel82",
      "string_list_data": [
        {
          "timestamp": 1762328309
        }
      ]
    },
    {
      "title": "alih_joel_b",
      "string_list_data": [
        {
          "timestamp": 1762328246
        }
      ]
    },
    {
      "title": "kitan.id",
      "string_list_data": [
        {
          "timestamp": 1762328202
        }
      ]
    },
    {
      "title": "ipelumiobisesan",
      "string_list_data": [
        {
          "timestamp": 1761906822
        }
      ]
    },
    {
      "title": "kolakunmi",
      "string_list_data": [
        {
          "timestamp": 1761589744
        }
      ]
    },
    {
      "title": "joyshile",
      "string_list_data": [
        {
          "timestamp": 1760899867
        }
      ]
    },
    {
      "title": "mense01",
      "string_list_data": [
        {
          "timestamp": 1758027707
        }
      ]
    },
    {
      "title": "mense01",
      "string_list_data": [
        {
          "timestamp": 1758027698
        }
      ]
    },
    {
      "title": "mo_berryie",
      "string_list_data": [
        {
          "timestamp": 1757782435
        }
      ]
    },
    {
      "title": "mo_berryie",
      "string_list_data": [
        {
          "timestamp": 1757459453
        }
      ]
    },
    {
      "title": "iamterragold",
      "string_list_data": [
        {
          "timestamp": 1756578215
        }
      ]
    },
    {
      "title": "iamterragold",
      "string_list_data": [
        {
          "timestamp": 1756293876
        }
      ]
    },
    {
      "title": "jemimaosunde",
      "string_list_data": [
        {
          "timestamp": 1755324858
        }
      ]
    },
    {
      "title": "iamterracube",
      "string_list_data": [
        {
          "timestamp": 1755111244
        }
      ]
    },
    {
      "title": "onosepaul",
      "string_list_data": [
        {
          "timestamp": 1754673658
        }
      ]
    },
    {
      "title": "iniikpi",
      "string_list_data": [
        {
          "timestamp": 1754638493
        }
      ]
    },
    {
      "title": "onosepaul",
      "string_list_data": [
        {
          "timestamp": 1754422110
        }
      ]
    },
    {
      "title": "onosepaul",
      "string_list_data": [
        {
          "timestamp": 1753357601
        }
      ]
    },
    {
      "title": "jemimaosunde",
      "string_list_data": [
        {
          "timestamp": 1752858220
        }
      ]
    },
    {
      "title": "jemimaosunde",
      "string_list_data": [
        {
          "timestamp": 1752858162
        }
      ]
    },
    {
      "title": "jemimaosunde",
      "string_list_data": [
        {
          "timestamp": 1752858136
        }
      ]
    },
    {
      "title": "dotmanajo",
      "string_list_data": [
        {
          "timestamp": 1752751823
        }
      ]
    },
    {
      "title": "dotmanajo",
      "string_list_data": [
        {
          "timestamp": 1752751817
        }
      ]
    },
    {
      "title": "mikechigo",
      "string_list_data": [
        {
          "timestamp": 1752674408
        }
      ]
    },
    {
      "title": "dc3media",
      "string_list_data": [
        {
          "timestamp": 1752509135
        }
      ]
    },
    {
      "title": "iamterracube",
      "string_list_data": [
        {
          "timestamp": 1751309969
        }
      ]
    },
    {
      "title": "mikechigo",
      "string_list_data": [
        {
          "timestamp": 1750874768
        }
      ]
    },
    {
      "title": "fop.studios",
      "string_list_data": [
        {
          "timestamp": 1750502800
        }
      ]
    },
    {
      "title": "kitan.id",
      "string_list_data": [
        {
          "timestamp": 1747577471
        }
      ]
    },
    {
      "title": "opeplease",
      "string_list_data": [
        {
          "timestamp": 1747241222
        }
      ]
    },
    {
      "title": "fop.studios",
      "string_list_data": [
        {
          "timestamp": 1742836270
        }
      ]
    }
  ]
}