{
  "ig_lead_gen_info": [
    {
      "label": "Company name",
      "value": "Self-employed"
    },
    {
      "label": "Country",
      "value": "NG"
    },
    {
      "label": "Email address",
      "value": "ayodelemartinsabiwo@gmail.com"
    },
    {
      "label": "First name",
      "value": "Ayodele Martins"
    },
    {
      "label": "Job title",
      "value": "Tech hobbyist, Freelance Graphic Designer/Illustrator"
    },
    {
      "label": "Surname",
      "value": "Abiwo"
    },
    {
      "label": "Postal code",
      "value": "100001"
    },
    {
      "label": "County/region",
      "value": "Lagos"
    }
  ]
}