{
  "media": [
    
  ],
  "label_values": [
    {
      "label": "Name",
      "vec": [
        {
          "value": "Android: 360-degree media supported"
        },
        {
          "value": "Arts, entertainment, sport and media"
        },
        {
          "value": "Birthday in October"
        },
        {
          "value": "Business Page admins"
        },
        {
          "value": "Early technology adopters"
        },
        {
          "value": "Facebook Page admins"
        },
        {
          "value": "Facebook access (browser): Chrome"
        },
        {
          "value": "Facebook access (mobile): Android devices"
        },
        {
          "value": "Facebook access (mobile): Samsung Android mobile devices"
        },
        {
          "value": "Facebook access (mobile): all mobile devices"
        },
        {
          "value": "Facebook access (mobile): smartphones and tablets"
        },
        {
          "value": "Facebook access (mobile): tablets"
        },
        {
          "value": "Facebook access (network type): 4G"
        },
        {
          "value": "Food and restaurant Page admins"
        },
        {
          "value": "Frequent international travellers"
        },
        {
          "value": "Frequent travellers"
        },
        {
          "value": "Friends of football fans"
        },
        {
          "value": "Friends of men with a birthday in 0-7 days"
        },
        {
          "value": "Friends of men with a birthday in 7-30 days"
        },
        {
          "value": "Friends of people who recently moved"
        },
        {
          "value": "Friends of people with birthdays in a month"
        },
        {
          "value": "Friends of people with birthdays in a week"
        },
        {
          "value": "Friends of those who live abroad"
        },
        {
          "value": "Friends of women with a birthday in 0-7 days"
        },
        {
          "value": "Friends of women with a birthday in 7-30 days"
        },
        {
          "value": "Instagram business profile admins"
        },
        {
          "value": "Mobile network or device users"
        },
        {
          "value": "New Page admins"
        },
        {
          "value": "Potential mobile network or device change"
        },
        {
          "value": "Recent mobile network or device change"
        },
        {
          "value": "Returned from travelling one week ago"
        },
        {
          "value": "Returned from travelling two weeks ago"
        },
        {
          "value": "Small business owners"
        },
        {
          "value": "Uses a mobile device (7-9 months)"
        },
        {
          "value": "Wi-Fi usage"
        }
      ]
    }
  ],
  "fbid": "17841403288396894"
}