{
  "account_history_login_history": [
    {
      "title": "2026-01-24T16:31:02+00:00",
      "media_map_data": {
        
      },
      "string_map_data": {
        "Cookie name": {
          "href": "",
          "value": "*************************OrU",
          "timestamp": 0
        },
        "IP address": {
          "href": "",
          "value": "102.89.23.97",
          "timestamp": 0
        },
        "Port": {
          "href": "",
          "value": "2880",
          "timestamp": 0
        },
        "Language code": {
          "href": "",
          "value": "en-gb",
          "timestamp": 0
        },
        "Time": {
          "href": "",
          "value": "",
          "timestamp": 1769272262
        },
        "User agent": {
          "href": "",
          "value": "Mozilla/5.0 (Windows NT 10.0; Win64; x64) AppleWebKit/537.36 (KHTML, like Gecko) Chrome/143.0.0.0 Safari/537.36",
          "timestamp": 0
        }
      }
    },
    {
      "title": "2025-05-13T15:04:06+00:00",
      "media_map_data": {
        
      },
      "string_map_data": {
        "Cookie name": {
          "href": "",
          "value": "*************************MWX",
          "timestamp": 0
        },
        "IP address": {
          "href": "",
          "value": "102.88.109.182",
          "timestamp": 0
        },
        "Port": {
          "href": "",
          "value": "40628",
          "timestamp": 0
        },
        "Language code": {
          "href": "",
          "value": "en-gb",
          "timestamp": 0
        },
        "Time": {
          "href": "",
          "value": "",
          "timestamp": 1747148646
        },
        "User agent": {
          "href": "",
          "value": "Instagram 372.0.0.48.60 Android (35/15; 420dpi; 1080x2340; samsung; SM-A566B; a56x; s5e8855; en_GB; 709818019)",
          "timestamp": 0
        }
      }
    },
    {
      "title": "2025-05-08T10:39:32+00:00",
      "media_map_data": {
        
      },
      "string_map_data": {
        "Cookie name": {
          "href": "",
          "value": "*************************fU0",
          "timestamp": 0
        },
        "IP address": {
          "href": "",
          "value": "102.89.41.230",
          "timestamp": 0
        },
        "Port": {
          "href": "",
          "value": "60344",
          "timestamp": 0
        },
        "Language code": {
          "href": "",
          "value": "en-gb",
          "timestamp": 0
        },
        "Time": {
          "href": "",
          "value": "",
          "timestamp": 1746700772
        },
        "User agent": {
          "href": "",
          "value": "Instagram 372.0.0.48.60 Android (35/15; 420dpi; 1080x2340; samsung; SM-A566B; a56x; s5e8855; en_GB; 709818019)",
          "timestamp": 0
        }
      }
    },
    {
      "title": "2025-05-06T12:17:02+00:00",
      "media_map_data": {
        
      },
      "string_map_data": {
        "Cookie name": {
          "href": "",
          "value": "*************************9-O",
          "timestamp": 0
        },
        "IP address": {
          "href": "",
          "value": "102.89.22.205",
          "timestamp": 0
        },
        "Port": {
          "href": "",
          "value": "37476",
          "timestamp": 0
        },
        "Language code": {
          "href": "",
          "value": "en-gb",
          "timestamp": 0
        },
        "Time": {
          "href": "",
          "value": "",
          "timestamp": 1746533822
        },
        "User agent": {
          "href": "",
          "value": "Instagram 372.0.0.48.60 Android (35/15; 420dpi; 1080x2340; samsung; SM-A566B; a56x; s5e8855; en_GB; 709818019)",
          "timestamp": 0
        }
      }
    }
  ]
}