[
  {
    "title": "",
    "media_list_data": [
      
    ],
    "string_list_data": [
      {
        "href": "https://www.instagram.com/chris.f.tannoury",
        "value": "chris.f.tannoury",
        "timestamp": 1766621961
      }
    ]
  },
  {
    "title": "",
    "media_list_data": [
      
    ],
    "string_list_data": [
      {
        "href": "https://www.instagram.com/thatedify",
        "value": "thatedify",
        "timestamp": 1764238880
      }
    ]
  },
  {
    "title": "",
    "media_list_data": [
      
    ],
    "string_list_data": [
      {
        "href": "https://www.instagram.com/assignments.__help",
        "value": "assignments.__help",
        "timestamp": 1763572735
      }
    ]
  },
  {
    "title": "",
    "media_list_data": [
      
    ],
    "string_list_data": [
      {
        "href": "https://www.instagram.com/ibkcreates",
        "value": "ibkcreates",
        "timestamp": 1761035138
      }
    ]
  },
  {
    "title": "",
    "media_list_data": [
      
    ],
    "string_list_data": [
      {
        "href": "https://www.instagram.com/growleatherworld",
        "value": "growleatherworld",
        "timestamp": 1760175435
      }
    ]
  },
  {
    "title": "",
    "media_list_data": [
      
    ],
    "string_list_data": [
      {
        "href": "https://www.instagram.com/iambecca_wonder",
        "value": "iambecca_wonder",
        "timestamp": 1760040861
      }
    ]
  },
  {
    "title": "",
    "media_list_data": [
      
    ],
    "string_list_data": [
      {
        "href": "https://www.instagram.com/captain_gahbrivah",
        "value": "captain_gahbrivah",
        "timestamp": 1758872638
      }
    ]
  },
  {
    "title": "",
    "media_list_data": [
      
    ],
    "string_list_data": [
      {
        "href": "https://www.instagram.com/timecodeservices",
        "value": "timecodeservices",
        "timestamp": 1754751343
      }
    ]
  },
  {
    "title": "",
    "media_list_data": [
      
    ],
    "string_list_data": [
      {
        "href": "https://www.instagram.com/akanbi_akinkunmi",
        "value": "akanbi_akinkunmi",
        "timestamp": 1752876954
      }
    ]
  },
  {
    "title": "",
    "media_list_data": [
      
    ],
    "string_list_data": [
      {
        "href": "https://www.instagram.com/tope.bell",
        "value": "tope.bell",
        "timestamp": 1752755461
      }
    ]
  },
  {
    "title": "",
    "media_list_data": [
      
    ],
    "string_list_data": [
      {
        "href": "https://www.instagram.com/roadvelars_autos1",
        "value": "roadvelars_autos1",
        "timestamp": 1751782397
      }
    ]
  },
  {
    "title": "",
    "media_list_data": [
      
    ],
    "string_list_data": [
      {
        "href": "https://www.instagram.com/mdtemi",
        "value": "mdtemi",
        "timestamp": 1751655818
      }
    ]
  },
  {
    "title": "",
    "media_list_data": [
      
    ],
    "string_list_data": [
      {
        "href": "https://www.instagram.com/idanmayana",
        "value": "idanmayana",
        "timestamp": 1751421415
      }
    ]
  },
  {
    "title": "",
    "media_list_data": [
      
    ],
    "string_list_data": [
      {
        "href": "https://www.instagram.com/houseoflikeminds",
        "value": "houseoflikeminds",
        "timestamp": 1750522817
      }
    ]
  },
  {
    "title": "",
    "media_list_data": [
      
    ],
    "string_list_data": [
      {
        "href": "https://www.instagram.com/abe_vision_01",
        "value": "abe_vision_01",
        "timestamp": 1749544384
      }
    ]
  },
  {
    "title": "",
    "media_list_data": [
      
    ],
    "string_list_data": [
      {
        "href": "https://www.instagram.com/echoesofnaija",
        "value": "echoesofnaija",
        "timestamp": 1749430373
      }
    ]
  },
  {
    "title": "",
    "media_list_data": [
      
    ],
    "string_list_data": [
      {
        "href": "https://www.instagram.com/moore2sparkle",
        "value": "moore2sparkle",
        "timestamp": 1748610734
      }
    ]
  },
  {
    "title": "",
    "media_list_data": [
      
    ],
    "string_list_data": [
      {
        "href": "https://www.instagram.com/turismo.juliano",
        "value": "turismo.juliano",
        "timestamp": 1744104478
      }
    ]
  },
  {
    "title": "",
    "media_list_data": [
      
    ],
    "string_list_data": [
      {
        "href": "https://www.instagram.com/amos.oshios",
        "value": "amos.oshios",
        "timestamp": 1740086796
      }
    ]
  },
  {
    "title": "",
    "media_list_data": [
      
    ],
    "string_list_data": [
      {
        "href": "https://www.instagram.com/iamchinuel",
        "value": "iamchinuel",
        "timestamp": 1739094194
      }
    ]
  },
  {
    "title": "",
    "media_list_data": [
      
    ],
    "string_list_data": [
      {
        "href": "https://www.instagram.com/rave.jewelry_backup_page",
        "value": "rave.jewelry_backup_page",
        "timestamp": 1739016920
      }
    ]
  },
  {
    "title": "",
    "media_list_data": [
      
    ],
    "string_list_data": [
      {
        "href": "https://www.instagram.com/_daintymoments",
        "value": "_daintymoments",
        "timestamp": 1738672695
      }
    ]
  }
]