{
  "relationships_unfollowed_users": [
    {
      "title": "",
      "media_list_data": [
        
      ],
      "string_list_data": [
        {
          "href": "https://www.instagram.com/onosepaul",
          "value": "onosepaul",
          "timestamp": 1768248168
        }
      ]
    },
    {
      "title": "",
      "media_list_data": [
        
      ],
      "string_list_data": [
        {
          "href": "https://www.instagram.com/chris.f.tannoury",
          "value": "chris.f.tannoury",
          "timestamp": 1768137038
        }
      ]
    },
    {
      "title": "",
      "media_list_data": [
        
      ],
      "string_list_data": [
        {
          "href": "https://www.instagram.com/williamricestudio",
          "value": "williamricestudio",
          "timestamp": 1766257678
        }
      ]
    }
  ]
}